--=======================================================================================================================
-- BUILDINGCLASSES
--=======================================================================================================================
-- BuildingClasses
------------------------------
INSERT OR REPLACE INTO BuildingClasses 
		(DefaultBuilding, 								Type, 												Description)
VALUES	('BUILDING_DMS_ZY_GREAT_WORKS_WRITING_1',		'BUILDINGCLASS_DMS_ZY_GREAT_WORKS_WRITING_1', 		'TXT_KEY_BUILDING_BUILDING_DMS_ZY_GREAT_WORKS_WRITING'),
		('BUILDING_DMS_ZY_GREAT_WORKS_WRITING_2',		'BUILDINGCLASS_DMS_ZY_GREAT_WORKS_WRITING_2', 		'TXT_KEY_BUILDING_BUILDING_DMS_ZY_GREAT_WORKS_WRITING'),
		('BUILDING_DMS_ZY_GREAT_WORKS_WRITING_3',		'BUILDINGCLASS_DMS_ZY_GREAT_WORKS_WRITING_3', 		'TXT_KEY_BUILDING_BUILDING_DMS_ZY_GREAT_WORKS_WRITING'),
		('BUILDING_DMS_ZY_GREAT_WORKS_WRITING_4',		'BUILDINGCLASS_DMS_ZY_GREAT_WORKS_WRITING_4', 		'TXT_KEY_BUILDING_BUILDING_DMS_ZY_GREAT_WORKS_WRITING'),
		('BUILDING_DMS_ZY_GREAT_WORKS_WRITING_5',		'BUILDINGCLASS_DMS_ZY_GREAT_WORKS_WRITING_5', 		'TXT_KEY_BUILDING_BUILDING_DMS_ZY_GREAT_WORKS_WRITING'),
		('BUILDING_DMS_ZY_RELIGIOUS_PRESSURE',			'BUILDINGCLASS_DMS_ZY_RELIGIOUS_PRESSURE', 			'TXT_KEY_BUILDING_DMS_ZY_RELIGIOUS_PRESSURE'),
		('BUILDING_DMS_ZY_DEFENSE',						'BUILDINGCLASS_DMS_ZY_DEFENSE', 					'TXT_KEY_BUILDING_DMS_ZY_DEFENSE');
--==========================================================================================================================	
-- BUILDINGS
--==========================================================================================================================	
-- Buildings
------------------------------
INSERT INTO Buildings
		(Type, 						 					BuildingClass, 										Cost,	FaithCost,	GreatWorkSlotType,				GreatWorkCount,	Defense,	ExtraCityHitPoints,	NumTradeRouteBonus,	ReligiousPressureModifier,	ExtraLeagueVotes,	PrereqTech,	MinAreaSize,	Description, 											Help,															MinAreaSize,	ConquestProb,	IconAtlas,						PortraitIndex)
VALUES	('BUILDING_DMS_ZY_GREAT_WORKS_WRITING_1', 		'BUILDINGCLASS_DMS_ZY_GREAT_WORKS_WRITING_1',		-1,		-1,			'GREAT_WORK_SLOT_LITERATURE',	1,				0,			0,					0,					0,							0,					NULL,		-1,				'TXT_KEY_BUILDING_BUILDING_DMS_ZY_GREAT_WORKS_WRITING',	'TXT_KEY_BUILDING_BUILDING_DMS_ZY_GREAT_WORKS_WRITING_HELP',	-1,				100,			'DMS_MONOLITHIC_CHURCH_ATLAS',	0),
		('BUILDING_DMS_ZY_GREAT_WORKS_WRITING_2', 		'BUILDINGCLASS_DMS_ZY_GREAT_WORKS_WRITING_2',		-1,		-1,			'GREAT_WORK_SLOT_LITERATURE',	1,				0,			0,					0,					0,							0,					NULL,		-1,				'TXT_KEY_BUILDING_BUILDING_DMS_ZY_GREAT_WORKS_WRITING',	'TXT_KEY_BUILDING_BUILDING_DMS_ZY_GREAT_WORKS_WRITING_HELP',	-1,				100,			'DMS_MONOLITHIC_CHURCH_ATLAS',	0),
		('BUILDING_DMS_ZY_GREAT_WORKS_WRITING_3', 		'BUILDINGCLASS_DMS_ZY_GREAT_WORKS_WRITING_3',		-1,		-1,			'GREAT_WORK_SLOT_LITERATURE',	1,				0,			0,					0,					0,							0,					NULL,		-1,				'TXT_KEY_BUILDING_BUILDING_DMS_ZY_GREAT_WORKS_WRITING',	'TXT_KEY_BUILDING_BUILDING_DMS_ZY_GREAT_WORKS_WRITING_HELP',	-1,				100,			'DMS_MONOLITHIC_CHURCH_ATLAS',	0),
		('BUILDING_DMS_ZY_GREAT_WORKS_WRITING_4', 		'BUILDINGCLASS_DMS_ZY_GREAT_WORKS_WRITING_4',		-1,		-1,			'GREAT_WORK_SLOT_LITERATURE',	1,				0,			0,					0,					0,							0,					NULL,		-1,				'TXT_KEY_BUILDING_BUILDING_DMS_ZY_GREAT_WORKS_WRITING',	'TXT_KEY_BUILDING_BUILDING_DMS_ZY_GREAT_WORKS_WRITING_HELP',	-1,				100,			'DMS_MONOLITHIC_CHURCH_ATLAS',	0),
		('BUILDING_DMS_ZY_GREAT_WORKS_WRITING_5', 		'BUILDINGCLASS_DMS_ZY_GREAT_WORKS_WRITING_5',		-1,		-1,			'GREAT_WORK_SLOT_LITERATURE',	1,				0,			0,					0,					0,							0,					NULL,		-1,				'TXT_KEY_BUILDING_BUILDING_DMS_ZY_GREAT_WORKS_WRITING',	'TXT_KEY_BUILDING_BUILDING_DMS_ZY_GREAT_WORKS_WRITING_HELP',	-1,				100,			'DMS_MONOLITHIC_CHURCH_ATLAS',	0),
		('BUILDING_DMS_ZY_RELIGIOUS_PRESSURE', 			'BUILDINGCLASS_DMS_ZY_RELIGIOUS_PRESSURE',			-1,		-1,			NULL,							-1,				0,			0,					0,					5,							0,					NULL,		-1,				'TXT_KEY_BUILDING_DMS_ZY_RELIGIOUS_PRESSURE',			'TXT_KEY_BUILDING_DMS_ZY_RELIGIOUS_PRESSURE_HELP',				-1,				0,				NULL,							-1),
		('BUILDING_DMS_ZY_DEFENSE', 					'BUILDINGCLASS_DMS_ZY_DEFENSE',						-1,		-1,			NULL,							-1,				200,		10,					0,					0,							0,					NULL,		-1,				'TXT_KEY_BUILDING_DMS_ZY_DEFENSE',						'TXT_KEY_BUILDING_DMS_ZY_DEFENSE_HELP',							-1,				0,				NULL,							-1);
--==========================================================================================================================
-- BUILDS
--==========================================================================================================================
-- Builds
------------------------------
INSERT INTO Builds
		(Type,								PrereqTech,			ImprovementType, 						Time,	Recommendation,								Description,						Help,											CtrlDown,	OrderPriority,	IconIndex,	IconAtlas,									HotKey,		EntityEvent)
VALUES	('BUILD_DMS_MONOLITHIC_CHURCH',		'TECH_THEOLOGY',	'IMPROVEMENT_DMS_MONOLITHIC_CHURCH',	1000,	'TXT_KEY_BUILD_DMS_MONOLITHIC_CHURCH_REC',	'TXT_KEY_DMS_MONOLITHIC_CHURCH',	'TXT_KEY_BUILD_DMS_MONOLITHIC_CHURCH_HELP',		1,			96,				1,			'DMS_MONOLITHIC_CHURCH_ATLAS',				'KB_T',		'ENTITY_EVENT_BUILD');
------------------------------
-- BuildFeatures
------------------------------
INSERT INTO BuildFeatures
		(BuildType, 						FeatureType,	PrereqTech,	Time,	Remove)
SELECT	('BUILD_DMS_MONOLITHIC_CHURCH'),	FeatureType,	PrereqTech,	Time,	0
FROM BuildFeatures WHERE BuildType = 'BUILD_FORT';
--==========================================================================================================================
-- Improvements
--==========================================================================================================================
-- Improvements
--------------------------------
INSERT INTO Improvements
		(Type,											Description,									Civilopedia, 										Help,												ArtDefineTag,								SpecificCivRequired,	CivilizationType,					HillsMakesValid,	BuildableOnResources,	Permanent,	NoTwoAdjacent,	IconAtlas,						PortraitIndex)
VALUES	('IMPROVEMENT_DMS_MONOLITHIC_CHURCH',			'TXT_KEY_IMPROVEMENT_DMS_MONOLITHIC_CHURCH',	'TXT_KEY_IMPROVEMENT_DMS_MONOLITHIC_CHURCH_TEXT',	'TXT_KEY_IMPROVEMENT_DMS_MONOLITHIC_CHURCH_HELP',	'ART_DEF_IMPROVEMENT_MONOLITHIC_CHURCH',	1,						'CIVILIZATION_DMS_ETHIOPIA_YAQOB',	1,					0,						1,			1,				'DMS_MONOLITHIC_CHURCH_ATLAS',	0);

INSERT INTO Improvements
		(Type,											Description,									Civilopedia, 										Help,												ArtDefineTag,								SpecificCivRequired,	CivilizationType,					HillsMakesValid,	BuildableOnResources,	Permanent,	NoTwoAdjacent,	IconAtlas,						PortraitIndex)
VALUES	('IMPROVEMENT_DMS_MONOLITHIC_CHURCH_1',			'TXT_KEY_IMPROVEMENT_DMS_MONOLITHIC_CHURCH',	'TXT_KEY_IMPROVEMENT_DMS_MONOLITHIC_CHURCH_TEXT',	'TXT_KEY_IMPROVEMENT_DMS_MONOLITHIC_CHURCH_HELP',	'ART_DEF_IMPROVEMENT_MONOLITHIC_CHURCH',	0,						NULL,								1,					0,						1,			1,				'DMS_MONOLITHIC_CHURCH_ATLAS',	0);

INSERT INTO Improvements
		(Type,											Description,									Civilopedia, 										Help,												ArtDefineTag,								SpecificCivRequired,	CivilizationType,					HillsMakesValid,	BuildableOnResources,	Permanent,	NoTwoAdjacent,	IconAtlas,						PortraitIndex)
VALUES	('IMPROVEMENT_DMS_MONOLITHIC_CHURCH_2',			'TXT_KEY_IMPROVEMENT_DMS_MONOLITHIC_CHURCH',	'TXT_KEY_IMPROVEMENT_DMS_MONOLITHIC_CHURCH_TEXT',	'TXT_KEY_IMPROVEMENT_DMS_MONOLITHIC_CHURCH_HELP',	'ART_DEF_IMPROVEMENT_MONOLITHIC_CHURCH',	0,						NULL,								1,					0,						1,			1,				'DMS_MONOLITHIC_CHURCH_ATLAS',	0);

INSERT INTO Improvements
		(Type,											Description,									Civilopedia, 										Help,												ArtDefineTag,								SpecificCivRequired,	CivilizationType,					HillsMakesValid,	BuildableOnResources,	Permanent,	NoTwoAdjacent,	IconAtlas,						PortraitIndex)
VALUES	('IMPROVEMENT_DMS_MONOLITHIC_CHURCH_3',			'TXT_KEY_IMPROVEMENT_DMS_MONOLITHIC_CHURCH',	'TXT_KEY_IMPROVEMENT_DMS_MONOLITHIC_CHURCH_TEXT',	'TXT_KEY_IMPROVEMENT_DMS_MONOLITHIC_CHURCH_HELP',	'ART_DEF_IMPROVEMENT_MONOLITHIC_CHURCH',	0,						NULL,								1,					0,						1,			1,				'DMS_MONOLITHIC_CHURCH_ATLAS',	0);

INSERT INTO Improvements
		(Type,											Description,									Civilopedia, 										Help,												ArtDefineTag,								SpecificCivRequired,	CivilizationType,					HillsMakesValid,	BuildableOnResources,	Permanent,	NoTwoAdjacent,	IconAtlas,						PortraitIndex)
VALUES	('IMPROVEMENT_DMS_MONOLITHIC_CHURCH_4',			'TXT_KEY_IMPROVEMENT_DMS_MONOLITHIC_CHURCH',	'TXT_KEY_IMPROVEMENT_DMS_MONOLITHIC_CHURCH_TEXT',	'TXT_KEY_IMPROVEMENT_DMS_MONOLITHIC_CHURCH_HELP',	'ART_DEF_IMPROVEMENT_MONOLITHIC_CHURCH',	0,						NULL,								1,					0,						1,			1,				'DMS_MONOLITHIC_CHURCH_ATLAS',	0);

INSERT INTO Improvements
		(Type,											Description,									Civilopedia, 										Help,												ArtDefineTag,								SpecificCivRequired,	CivilizationType,					HillsMakesValid,	BuildableOnResources,	Permanent,	NoTwoAdjacent,	IconAtlas,						PortraitIndex)
VALUES	('IMPROVEMENT_DMS_MONOLITHIC_CHURCH_5',			'TXT_KEY_IMPROVEMENT_DMS_MONOLITHIC_CHURCH',	'TXT_KEY_IMPROVEMENT_DMS_MONOLITHIC_CHURCH_TEXT',	'TXT_KEY_IMPROVEMENT_DMS_MONOLITHIC_CHURCH_HELP',	'ART_DEF_IMPROVEMENT_MONOLITHIC_CHURCH',	0,						NULL,								1,					0,						1,			1,				'DMS_MONOLITHIC_CHURCH_ATLAS',	0);
--------------------------------
-- Improvement_Yields
--------------------------------
INSERT INTO Improvement_Yields
		(ImprovementType,								YieldType,			Yield)
VALUES	('IMPROVEMENT_DMS_MONOLITHIC_CHURCH',			'YIELD_FAITH',		2),
		('IMPROVEMENT_DMS_MONOLITHIC_CHURCH',			'YIELD_PRODUCTION',	1),
		('IMPROVEMENT_DMS_MONOLITHIC_CHURCH_1',			'YIELD_FAITH',		3),
		('IMPROVEMENT_DMS_MONOLITHIC_CHURCH_1',			'YIELD_PRODUCTION',	2),
		('IMPROVEMENT_DMS_MONOLITHIC_CHURCH_2',			'YIELD_FAITH',		4),
		('IMPROVEMENT_DMS_MONOLITHIC_CHURCH_2',			'YIELD_PRODUCTION',	3),
		('IMPROVEMENT_DMS_MONOLITHIC_CHURCH_3',			'YIELD_FAITH',		5),
		('IMPROVEMENT_DMS_MONOLITHIC_CHURCH_3',			'YIELD_PRODUCTION',	4),
		('IMPROVEMENT_DMS_MONOLITHIC_CHURCH_4',			'YIELD_FAITH',		6),
		('IMPROVEMENT_DMS_MONOLITHIC_CHURCH_4',			'YIELD_PRODUCTION',	5),
		('IMPROVEMENT_DMS_MONOLITHIC_CHURCH_5',			'YIELD_FAITH',		7),
		('IMPROVEMENT_DMS_MONOLITHIC_CHURCH_5',			'YIELD_PRODUCTION',	6);
--------------------------------
-- Improvement_ValidTerrains
--------------------------------
--INSERT INTO Improvement_ValidTerrains
--		(ImprovementType,								TerrainType)
--VALUES	('IMPROVEMENT_DMS_MONOLITHIC_CHURCH',			'TERRAIN_HILL'),
--		('IMPROVEMENT_DMS_MONOLITHIC_CHURCH_1',			'TERRAIN_HILL'),
--		('IMPROVEMENT_DMS_MONOLITHIC_CHURCH_2',			'TERRAIN_HILL'),
--		('IMPROVEMENT_DMS_MONOLITHIC_CHURCH_3',			'TERRAIN_HILL'),
--		('IMPROVEMENT_DMS_MONOLITHIC_CHURCH_4',			'TERRAIN_HILL'),
--		('IMPROVEMENT_DMS_MONOLITHIC_CHURCH_5',			'TERRAIN_HILL');
--------------------------------
-- Improvement_ResourceTypes
--------------------------------
INSERT INTO Improvement_ResourceTypes
		(ImprovementType,								ResourceType,			ResourceMakesValid)
VALUES	('IMPROVEMENT_DMS_MONOLITHIC_CHURCH',			'RESOURCE_MARBLE',		1),
		('IMPROVEMENT_DMS_MONOLITHIC_CHURCH',			'RESOURCE_STONE',		1),
		('IMPROVEMENT_DMS_MONOLITHIC_CHURCH_1',			'RESOURCE_MARBLE',		1),
		('IMPROVEMENT_DMS_MONOLITHIC_CHURCH_1',			'RESOURCE_STONE',		1),
		('IMPROVEMENT_DMS_MONOLITHIC_CHURCH_2',			'RESOURCE_MARBLE',		1),
		('IMPROVEMENT_DMS_MONOLITHIC_CHURCH_2',			'RESOURCE_STONE',		1),
		('IMPROVEMENT_DMS_MONOLITHIC_CHURCH_3',			'RESOURCE_MARBLE',		1),
		('IMPROVEMENT_DMS_MONOLITHIC_CHURCH_3',			'RESOURCE_STONE',		1),
		('IMPROVEMENT_DMS_MONOLITHIC_CHURCH_4',			'RESOURCE_MARBLE',		1),
		('IMPROVEMENT_DMS_MONOLITHIC_CHURCH_4',			'RESOURCE_STONE',		1),
		('IMPROVEMENT_DMS_MONOLITHIC_CHURCH_5',			'RESOURCE_MARBLE',		1),
		('IMPROVEMENT_DMS_MONOLITHIC_CHURCH_5',			'RESOURCE_STONE',		1);
--------------------------------
-- Improvement_Flavors
--------------------------------
INSERT INTO Improvement_Flavors
		(ImprovementType,								FlavorType,				Flavor)
VALUES	('IMPROVEMENT_DMS_MONOLITHIC_CHURCH',			'FLAVOR_RELIGION',		75),
		('IMPROVEMENT_DMS_MONOLITHIC_CHURCH',			'FLAVOR_PRODUCTION',	15),
		('IMPROVEMENT_DMS_MONOLITHIC_CHURCH',			'FLAVOR_GREAT_PEOPLE',	10),
		('IMPROVEMENT_DMS_MONOLITHIC_CHURCH_1',			'FLAVOR_RELIGION',		75),
		('IMPROVEMENT_DMS_MONOLITHIC_CHURCH_1',			'FLAVOR_PRODUCTION',	15),
		('IMPROVEMENT_DMS_MONOLITHIC_CHURCH_1',			'FLAVOR_GREAT_PEOPLE',	10),
		('IMPROVEMENT_DMS_MONOLITHIC_CHURCH_2',			'FLAVOR_RELIGION',		75),
		('IMPROVEMENT_DMS_MONOLITHIC_CHURCH_2',			'FLAVOR_PRODUCTION',	15),
		('IMPROVEMENT_DMS_MONOLITHIC_CHURCH_2',			'FLAVOR_GREAT_PEOPLE',	10),
		('IMPROVEMENT_DMS_MONOLITHIC_CHURCH_3',			'FLAVOR_RELIGION',		75),
		('IMPROVEMENT_DMS_MONOLITHIC_CHURCH_3',			'FLAVOR_PRODUCTION',	15),
		('IMPROVEMENT_DMS_MONOLITHIC_CHURCH_3',			'FLAVOR_GREAT_PEOPLE',	10),
		('IMPROVEMENT_DMS_MONOLITHIC_CHURCH_4',			'FLAVOR_RELIGION',		75),
		('IMPROVEMENT_DMS_MONOLITHIC_CHURCH_4',			'FLAVOR_PRODUCTION',	15),
		('IMPROVEMENT_DMS_MONOLITHIC_CHURCH_4',			'FLAVOR_GREAT_PEOPLE',	10),
		('IMPROVEMENT_DMS_MONOLITHIC_CHURCH_5',			'FLAVOR_RELIGION',		75),
		('IMPROVEMENT_DMS_MONOLITHIC_CHURCH_5',			'FLAVOR_PRODUCTION',	15),
		('IMPROVEMENT_DMS_MONOLITHIC_CHURCH_5',			'FLAVOR_GREAT_PEOPLE',	10);
--==========================================================================================================================
-- UNITS
--==========================================================================================================================
-- Units
--------------------------------
INSERT INTO Units 	
		(Type, 							Class,													Cost,												Moves,													Capture,	CivilianAttackPriority,	Special,	Domain,											DefaultUnitAI,	Description,						Civilopedia,							Strategy,									Help,																																										AdvancedStartCost,	WorkRate,	CombatLimit,	FoundReligion,	SpreadReligion,	ReligionSpreads,	ReligiousStrength,																																			UnitArtInfo,															UnitFlagIconOffset,	UnitFlagAtlas,						IconAtlas,				PortraitIndex)
SELECT	('UNIT_DMS_DEBTERA'),			Class,													Cost,												Moves,													Capture,	CivilianAttackPriority,	Special,	Domain,											DefaultUnitAI,	('TXT_KEY_UNIT_DMS_DEBTERA'),		('TXT_KEY_CIV5_DMS_DEBTERA_TEXT'),		('TXT_KEY_UNIT_DMS_DEBTERA_STRATEGY'),		('TXT_KEY_UNIT_DMS_DEBTERA_HELP'),																																			AdvancedStartCost,	WorkRate,	CombatLimit,	FoundReligion,	SpreadReligion,	ReligionSpreads,	ReligiousStrength,																																			('ART_DEF_UNIT_DMS_DEBTERA'),											0,					('DMS_DEBTERA_FLAG_ART_ATLAS'),		('DMS_ETHIOPIA_ATLAS'),	12
FROM Units WHERE Type = 'UNIT_PROPHET';
--------------------------------
-- UnitGameplay2DScripts
--------------------------------
INSERT INTO UnitGameplay2DScripts 	
		(UnitType, 							SelectionSound, FirstSelectionSound)
SELECT	('UNIT_DMS_DEBTERA'), 				SelectionSound, FirstSelectionSound
FROM UnitGameplay2DScripts WHERE (UnitType = 'UNIT_PROPHET');
--------------------------------
-- Unit_AITypes
--------------------------------
INSERT INTO Unit_AITypes 	
		(UnitType, 							UnitAIType)
SELECT	('UNIT_DMS_DEBTERA'), 				UnitAIType
FROM Unit_AITypes WHERE (UnitType = 'UNITAI_PROPHET');
--------------------------------
-- Unit_Flavors
-------------------------------- 
INSERT INTO Unit_Flavors 	
		(UnitType, 							FlavorType,			Flavor)
SELECT	('UNIT_DMS_DEBTERA'), 				FlavorType,			Flavor
FROM Unit_Flavors WHERE (UnitType = 'UNIT_PROPHET');
--------------------------------
-- Unit_FreePromotions
--------------------------------
INSERT INTO Unit_FreePromotions 	
		(UnitType, 							PromotionType)
SELECT	('UNIT_DMS_DEBTERA'),				PromotionType
FROM Unit_FreePromotions WHERE (UnitType = 'UNIT_PROPHET');
-------------------------------- 
-- Unit_Builds
--------------------------------
INSERT INTO Unit_Builds 	
		(UnitType, 				BuildType)
SELECT	('UNIT_DMS_DEBTERA'),	BuildType
FROM Unit_Builds WHERE (UnitType = 'UNIT_PROPHET');

INSERT INTO Unit_Builds 	
		(UnitType, 				BuildType)
VALUES	('UNIT_WORKER', 		'BUILD_DMS_MONOLITHIC_CHURCH');
--==========================================================================================================================
-- GreatWorks
--==========================================================================================================================
-- GreatWorks
--------------------------------
--==========================================================================================================================
-- PROMOTIONS
--==========================================================================================================================
-- Promotions
--------------------------------
INSERT INTO UnitPromotions 	
		(Type, 									Description,									Help,													Sound,				CityAttack,		GreatGeneral,		CombatPercent,	PortraitIndex,	IconAtlas,				PediaType,			PediaEntry,											CannotBeChosen)
VALUES			('PROMOTION_DMS_SEED_OF_JACOB_1',		'TXT_KEY_PROMOTION_DMS_SEED_OF_JACOB_1',		'TXT_KEY_PROMOTION_DMS_SEED_OF_JACOB_1_HELP',			'AS2D_IF_LEVELUP',	0,				0,					0,				59,				'PROMOTION_ATLAS',		'PEDIA_ATTRIBUTES',	'TXT_KEY_PROMOTION_DMS_SEED_OF_JACOB_1_HELP',		1),
		('PROMOTION_DMS_SEED_OF_JACOB_2',		'TXT_KEY_PROMOTION_DMS_SEED_OF_JACOB_2',		'TXT_KEY_PROMOTION_DMS_SEED_OF_JACOB_2_HELP',			'AS2D_IF_LEVELUP',	0,				0,					0,				59,				'PROMOTION_ATLAS',		'PEDIA_ATTRIBUTES',	'TXT_KEY_PROMOTION_DMS_SEED_OF_JACOB_2_HELP',		1),
		('PROMOTION_DMS_SEED_OF_JACOB_3',		'TXT_KEY_PROMOTION_DMS_SEED_OF_JACOB_3',		'TXT_KEY_PROMOTION_DMS_SEED_OF_JACOB_3_HELP',			'AS2D_IF_LEVELUP',	0,				0,					0,				59,				'PROMOTION_ATLAS',		'PEDIA_ATTRIBUTES',	'TXT_KEY_PROMOTION_DMS_SEED_OF_JACOB_3_HELP',		1),
		('PROMOTION_DMS_SEED_OF_JACOB_4',		'TXT_KEY_PROMOTION_DMS_SEED_OF_JACOB_4',		'TXT_KEY_PROMOTION_DMS_SEED_OF_JACOB_4_HELP',			'AS2D_IF_LEVELUP',	0,				0,					0,				59,				'PROMOTION_ATLAS',		'PEDIA_ATTRIBUTES',	'TXT_KEY_PROMOTION_DMS_SEED_OF_JACOB_4_HELP',		1),
		('PROMOTION_DMS_SEED_OF_JACOB_5',		'TXT_KEY_PROMOTION_DMS_SEED_OF_JACOB_5',		'TXT_KEY_PROMOTION_DMS_SEED_OF_JACOB_5_HELP',			'AS2D_IF_LEVELUP',	0,				0,					0,				59,				'PROMOTION_ATLAS',		'PEDIA_ATTRIBUTES',	'TXT_KEY_PROMOTION_DMS_SEED_OF_JACOB_5_HELP',		1),
		('PROMOTION_DMS_SEED_OF_JACOB_6',		'TXT_KEY_PROMOTION_DMS_SEED_OF_JACOB_6',		'TXT_KEY_PROMOTION_DMS_SEED_OF_JACOB_6_HELP',			'AS2D_IF_LEVELUP',	0,				0,					0,				59,				'PROMOTION_ATLAS',		'PEDIA_ATTRIBUTES',	'TXT_KEY_PROMOTION_DMS_SEED_OF_JACOB_6_HELP',		1),
		('PROMOTION_DMS_SEED_OF_JACOB_7',		'TXT_KEY_PROMOTION_DMS_SEED_OF_JACOB_7',		'TXT_KEY_PROMOTION_DMS_SEED_OF_JACOB_7_HELP',			'AS2D_IF_LEVELUP',	0,				0,					0,				59,				'PROMOTION_ATLAS',		'PEDIA_ATTRIBUTES',	'TXT_KEY_PROMOTION_DMS_SEED_OF_JACOB_7_HELP',		1),
		('PROMOTION_DMS_SEED_OF_JACOB_8',		'TXT_KEY_PROMOTION_DMS_SEED_OF_JACOB_8',		'TXT_KEY_PROMOTION_DMS_SEED_OF_JACOB_8_HELP',			'AS2D_IF_LEVELUP',	0,				0,					0,				59,				'PROMOTION_ATLAS',		'PEDIA_ATTRIBUTES',	'TXT_KEY_PROMOTION_DMS_SEED_OF_JACOB_8_HELP',		1),
		('PROMOTION_DMS_SEED_OF_JACOB_9',		'TXT_KEY_PROMOTION_DMS_SEED_OF_JACOB_9',		'TXT_KEY_PROMOTION_DMS_SEED_OF_JACOB_9_HELP',			'AS2D_IF_LEVELUP',	0,				0,					0,				59,				'PROMOTION_ATLAS',		'PEDIA_ATTRIBUTES',	'TXT_KEY_PROMOTION_DMS_SEED_OF_JACOB_9_HELP',		1),
		('PROMOTION_DMS_SEED_OF_JACOB_10',		'TXT_KEY_PROMOTION_DMS_SEED_OF_JACOB_10',		'TXT_KEY_PROMOTION_DMS_SEED_OF_JACOB_10_HELP',			'AS2D_IF_LEVELUP',	0,				0,					0,				59,				'PROMOTION_ATLAS',		'PEDIA_ATTRIBUTES',	'TXT_KEY_PROMOTION_DMS_SEED_OF_JACOB_10_HELP',		1),
		('PROMOTION_DMS_SEED_OF_JACOB_11',		'TXT_KEY_PROMOTION_DMS_SEED_OF_JACOB_11',		'TXT_KEY_PROMOTION_DMS_SEED_OF_JACOB_11_HELP',			'AS2D_IF_LEVELUP',	0,				0,					0,				59,				'PROMOTION_ATLAS',		'PEDIA_ATTRIBUTES',	'TXT_KEY_PROMOTION_DMS_SEED_OF_JACOB_11_HELP',		1),
		('PROMOTION_DMS_SEED_OF_JACOB_12',		'TXT_KEY_PROMOTION_DMS_SEED_OF_JACOB_12',		'TXT_KEY_PROMOTION_DMS_SEED_OF_JACOB_12_HELP',			'AS2D_IF_LEVELUP',	0,				0,					0,				59,				'PROMOTION_ATLAS',		'PEDIA_ATTRIBUTES',	'TXT_KEY_PROMOTION_DMS_SEED_OF_JACOB_12_HELP',		1),
		('PROMOTION_DMS_SEED_OF_JACOB_13',		'TXT_KEY_PROMOTION_DMS_SEED_OF_JACOB_13',		'TXT_KEY_PROMOTION_DMS_SEED_OF_JACOB_13_HELP',			'AS2D_IF_LEVELUP',	0,				0,					0,				59,				'PROMOTION_ATLAS',		'PEDIA_ATTRIBUTES',	'TXT_KEY_PROMOTION_DMS_SEED_OF_JACOB_13_HELP',		1),
		('PROMOTION_DMS_SEED_OF_JACOB_14',		'TXT_KEY_PROMOTION_DMS_SEED_OF_JACOB_14',		'TXT_KEY_PROMOTION_DMS_SEED_OF_JACOB_14_HELP',			'AS2D_IF_LEVELUP',	0,				0,					0,				59,				'PROMOTION_ATLAS',		'PEDIA_ATTRIBUTES',	'TXT_KEY_PROMOTION_DMS_SEED_OF_JACOB_14_HELP',		1),
		('PROMOTION_DMS_SEED_OF_JACOB_15',		'TXT_KEY_PROMOTION_DMS_SEED_OF_JACOB_15',		'TXT_KEY_PROMOTION_DMS_SEED_OF_JACOB_15_HELP',			'AS2D_IF_LEVELUP',	0,				0,					0,				59,				'PROMOTION_ATLAS',		'PEDIA_ATTRIBUTES',	'TXT_KEY_PROMOTION_DMS_SEED_OF_JACOB_15_HELP',		1),
		('PROMOTION_DMS_SEED_OF_JACOB_16',		'TXT_KEY_PROMOTION_DMS_SEED_OF_JACOB_16',		'TXT_KEY_PROMOTION_DMS_SEED_OF_JACOB_16_HELP',			'AS2D_IF_LEVELUP',	0,				0,					0,				59,				'PROMOTION_ATLAS',		'PEDIA_ATTRIBUTES',	'TXT_KEY_PROMOTION_DMS_SEED_OF_JACOB_16_HELP',		1),
		('PROMOTION_DMS_SEED_OF_JACOB_17',		'TXT_KEY_PROMOTION_DMS_SEED_OF_JACOB_17',		'TXT_KEY_PROMOTION_DMS_SEED_OF_JACOB_17_HELP',			'AS2D_IF_LEVELUP',	0,				0,					0,				59,				'PROMOTION_ATLAS',		'PEDIA_ATTRIBUTES',	'TXT_KEY_PROMOTION_DMS_SEED_OF_JACOB_17_HELP',		1),
		('PROMOTION_DMS_SEED_OF_JACOB_18',		'TXT_KEY_PROMOTION_DMS_SEED_OF_JACOB_18',		'TXT_KEY_PROMOTION_DMS_SEED_OF_JACOB_18_HELP',			'AS2D_IF_LEVELUP',	0,				0,					0,				59,				'PROMOTION_ATLAS',		'PEDIA_ATTRIBUTES',	'TXT_KEY_PROMOTION_DMS_SEED_OF_JACOB_18_HELP',		1),
		('PROMOTION_DMS_SEED_OF_JACOB_19',		'TXT_KEY_PROMOTION_DMS_SEED_OF_JACOB_19',		'TXT_KEY_PROMOTION_DMS_SEED_OF_JACOB_19_HELP',			'AS2D_IF_LEVELUP',	0,				0,					0,				59,				'PROMOTION_ATLAS',		'PEDIA_ATTRIBUTES',	'TXT_KEY_PROMOTION_DMS_SEED_OF_JACOB_19_HELP',		1),
		('PROMOTION_DMS_SEED_OF_JACOB_20',		'TXT_KEY_PROMOTION_DMS_SEED_OF_JACOB_20',		'TXT_KEY_PROMOTION_DMS_SEED_OF_JACOB_20_HELP',			'AS2D_IF_LEVELUP',	0,				0,					0,				59,				'PROMOTION_ATLAS',		'PEDIA_ATTRIBUTES',	'TXT_KEY_PROMOTION_DMS_SEED_OF_JACOB_20_HELP',		1),
		('PROMOTION_DMS_SEED_OF_JACOB_21',		'TXT_KEY_PROMOTION_DMS_SEED_OF_JACOB_21',		'TXT_KEY_PROMOTION_DMS_SEED_OF_JACOB_21_HELP',			'AS2D_IF_LEVELUP',	0,				0,					0,				59,				'PROMOTION_ATLAS',		'PEDIA_ATTRIBUTES',	'TXT_KEY_PROMOTION_DMS_SEED_OF_JACOB_21_HELP',		1),
		('PROMOTION_DMS_SEED_OF_JACOB_22',		'TXT_KEY_PROMOTION_DMS_SEED_OF_JACOB_22',		'TXT_KEY_PROMOTION_DMS_SEED_OF_JACOB_22_HELP',			'AS2D_IF_LEVELUP',	0,				0,					0,				59,				'PROMOTION_ATLAS',		'PEDIA_ATTRIBUTES',	'TXT_KEY_PROMOTION_DMS_SEED_OF_JACOB_22_HELP',		1),
		('PROMOTION_DMS_SEED_OF_JACOB_23',		'TXT_KEY_PROMOTION_DMS_SEED_OF_JACOB_23',		'TXT_KEY_PROMOTION_DMS_SEED_OF_JACOB_23_HELP',			'AS2D_IF_LEVELUP',	0,				0,					0,				59,				'PROMOTION_ATLAS',		'PEDIA_ATTRIBUTES',	'TXT_KEY_PROMOTION_DMS_SEED_OF_JACOB_23_HELP',		1),
		('PROMOTION_DMS_SEED_OF_JACOB_24',		'TXT_KEY_PROMOTION_DMS_SEED_OF_JACOB_24',		'TXT_KEY_PROMOTION_DMS_SEED_OF_JACOB_24_HELP',			'AS2D_IF_LEVELUP',	0,				0,					0,				59,				'PROMOTION_ATLAS',		'PEDIA_ATTRIBUTES',	'TXT_KEY_PROMOTION_DMS_SEED_OF_JACOB_24_HELP',		1),
		('PROMOTION_DMS_SEED_OF_JACOB_25',		'TXT_KEY_PROMOTION_DMS_SEED_OF_JACOB_25',		'TXT_KEY_PROMOTION_DMS_SEED_OF_JACOB_25_HELP',			'AS2D_IF_LEVELUP',	0,				0,					0,				59,				'PROMOTION_ATLAS',		'PEDIA_ATTRIBUTES',	'TXT_KEY_PROMOTION_DMS_SEED_OF_JACOB_25_HELP',		1);
-------------------------------- 
-- UnitPromotions_UnitCombats
--------------------------------
INSERT INTO UnitPromotions_UnitCombats 	
		(PromotionType, 						UnitCombatType)
VALUES		('PROMOTION_DMS_SEED_OF_JACOB_1',		'UNITCOMBAT_RECON'),
		('PROMOTION_DMS_SEED_OF_JACOB_1',		'UNITCOMBAT_MOUNTED'),
		('PROMOTION_DMS_SEED_OF_JACOB_1',		'UNITCOMBAT_MELEE'),
		('PROMOTION_DMS_SEED_OF_JACOB_1',		'UNITCOMBAT_GUN'),
		('PROMOTION_DMS_SEED_OF_JACOB_1',		'UNITCOMBAT_ARMOR'),
		('PROMOTION_DMS_SEED_OF_JACOB_2',		'UNITCOMBAT_RECON'),
		('PROMOTION_DMS_SEED_OF_JACOB_2',		'UNITCOMBAT_MOUNTED'),
		('PROMOTION_DMS_SEED_OF_JACOB_2',		'UNITCOMBAT_MELEE'),
		('PROMOTION_DMS_SEED_OF_JACOB_2',		'UNITCOMBAT_GUN'),
		('PROMOTION_DMS_SEED_OF_JACOB_2',		'UNITCOMBAT_ARMOR'),
		('PROMOTION_DMS_SEED_OF_JACOB_3',		'UNITCOMBAT_RECON'),
		('PROMOTION_DMS_SEED_OF_JACOB_3',		'UNITCOMBAT_MOUNTED'),
		('PROMOTION_DMS_SEED_OF_JACOB_3',		'UNITCOMBAT_MELEE'),
		('PROMOTION_DMS_SEED_OF_JACOB_3',		'UNITCOMBAT_GUN'),
		('PROMOTION_DMS_SEED_OF_JACOB_3',		'UNITCOMBAT_ARMOR'),
		('PROMOTION_DMS_SEED_OF_JACOB_4',		'UNITCOMBAT_RECON'),
		('PROMOTION_DMS_SEED_OF_JACOB_4',		'UNITCOMBAT_MOUNTED'),
		('PROMOTION_DMS_SEED_OF_JACOB_4',		'UNITCOMBAT_MELEE'),
		('PROMOTION_DMS_SEED_OF_JACOB_4',		'UNITCOMBAT_GUN'),
		('PROMOTION_DMS_SEED_OF_JACOB_4',		'UNITCOMBAT_ARMOR'),
		('PROMOTION_DMS_SEED_OF_JACOB_5',		'UNITCOMBAT_RECON'),
		('PROMOTION_DMS_SEED_OF_JACOB_5',		'UNITCOMBAT_MOUNTED'),
		('PROMOTION_DMS_SEED_OF_JACOB_5',		'UNITCOMBAT_MELEE'),
		('PROMOTION_DMS_SEED_OF_JACOB_5',		'UNITCOMBAT_GUN'),
		('PROMOTION_DMS_SEED_OF_JACOB_5',		'UNITCOMBAT_ARMOR'),
		('PROMOTION_DMS_SEED_OF_JACOB_6',		'UNITCOMBAT_RECON'),
		('PROMOTION_DMS_SEED_OF_JACOB_6',		'UNITCOMBAT_MOUNTED'),
		('PROMOTION_DMS_SEED_OF_JACOB_6',		'UNITCOMBAT_MELEE'),
		('PROMOTION_DMS_SEED_OF_JACOB_6',		'UNITCOMBAT_GUN'),
		('PROMOTION_DMS_SEED_OF_JACOB_6',		'UNITCOMBAT_ARMOR'),
		('PROMOTION_DMS_SEED_OF_JACOB_7',		'UNITCOMBAT_RECON'),
		('PROMOTION_DMS_SEED_OF_JACOB_7',		'UNITCOMBAT_MOUNTED'),
		('PROMOTION_DMS_SEED_OF_JACOB_7',		'UNITCOMBAT_MELEE'),
		('PROMOTION_DMS_SEED_OF_JACOB_7',		'UNITCOMBAT_GUN'),
		('PROMOTION_DMS_SEED_OF_JACOB_7',		'UNITCOMBAT_ARMOR'),
		('PROMOTION_DMS_SEED_OF_JACOB_8',		'UNITCOMBAT_RECON'),
		('PROMOTION_DMS_SEED_OF_JACOB_8',		'UNITCOMBAT_MOUNTED'),
		('PROMOTION_DMS_SEED_OF_JACOB_8',		'UNITCOMBAT_MELEE'),
		('PROMOTION_DMS_SEED_OF_JACOB_8',		'UNITCOMBAT_GUN'),
		('PROMOTION_DMS_SEED_OF_JACOB_8',		'UNITCOMBAT_ARMOR'),
		('PROMOTION_DMS_SEED_OF_JACOB_9',		'UNITCOMBAT_RECON'),
		('PROMOTION_DMS_SEED_OF_JACOB_9',		'UNITCOMBAT_MOUNTED'),
		('PROMOTION_DMS_SEED_OF_JACOB_9',		'UNITCOMBAT_MELEE'),
		('PROMOTION_DMS_SEED_OF_JACOB_9',		'UNITCOMBAT_GUN'),
		('PROMOTION_DMS_SEED_OF_JACOB_9',		'UNITCOMBAT_ARMOR'),
		('PROMOTION_DMS_SEED_OF_JACOB_10',		'UNITCOMBAT_RECON'),
		('PROMOTION_DMS_SEED_OF_JACOB_10',		'UNITCOMBAT_MOUNTED'),
		('PROMOTION_DMS_SEED_OF_JACOB_10',		'UNITCOMBAT_MELEE'),
		('PROMOTION_DMS_SEED_OF_JACOB_10',		'UNITCOMBAT_GUN'),
		('PROMOTION_DMS_SEED_OF_JACOB_10',		'UNITCOMBAT_ARMOR'),
		('PROMOTION_DMS_SEED_OF_JACOB_11',		'UNITCOMBAT_RECON'),
		('PROMOTION_DMS_SEED_OF_JACOB_11',		'UNITCOMBAT_MOUNTED'),
		('PROMOTION_DMS_SEED_OF_JACOB_11',		'UNITCOMBAT_MELEE'),
		('PROMOTION_DMS_SEED_OF_JACOB_11',		'UNITCOMBAT_GUN'),
		('PROMOTION_DMS_SEED_OF_JACOB_11',		'UNITCOMBAT_ARMOR'),
		('PROMOTION_DMS_SEED_OF_JACOB_12',		'UNITCOMBAT_RECON'),
		('PROMOTION_DMS_SEED_OF_JACOB_12',		'UNITCOMBAT_MOUNTED'),
		('PROMOTION_DMS_SEED_OF_JACOB_12',		'UNITCOMBAT_MELEE'),
		('PROMOTION_DMS_SEED_OF_JACOB_12',		'UNITCOMBAT_GUN'),
		('PROMOTION_DMS_SEED_OF_JACOB_12',		'UNITCOMBAT_ARMOR'),
		('PROMOTION_DMS_SEED_OF_JACOB_13',		'UNITCOMBAT_RECON'),
		('PROMOTION_DMS_SEED_OF_JACOB_13',		'UNITCOMBAT_MOUNTED'),
		('PROMOTION_DMS_SEED_OF_JACOB_13',		'UNITCOMBAT_MELEE'),
		('PROMOTION_DMS_SEED_OF_JACOB_13',		'UNITCOMBAT_GUN'),
		('PROMOTION_DMS_SEED_OF_JACOB_13',		'UNITCOMBAT_ARMOR'),
		('PROMOTION_DMS_SEED_OF_JACOB_14',		'UNITCOMBAT_RECON'),
		('PROMOTION_DMS_SEED_OF_JACOB_14',		'UNITCOMBAT_MOUNTED'),
		('PROMOTION_DMS_SEED_OF_JACOB_14',		'UNITCOMBAT_MELEE'),
		('PROMOTION_DMS_SEED_OF_JACOB_14',		'UNITCOMBAT_GUN'),
		('PROMOTION_DMS_SEED_OF_JACOB_14',		'UNITCOMBAT_ARMOR'),
		('PROMOTION_DMS_SEED_OF_JACOB_15',		'UNITCOMBAT_RECON'),
		('PROMOTION_DMS_SEED_OF_JACOB_15',		'UNITCOMBAT_MOUNTED'),
		('PROMOTION_DMS_SEED_OF_JACOB_15',		'UNITCOMBAT_MELEE'),
		('PROMOTION_DMS_SEED_OF_JACOB_15',		'UNITCOMBAT_GUN'),
		('PROMOTION_DMS_SEED_OF_JACOB_15',		'UNITCOMBAT_ARMOR'),
		('PROMOTION_DMS_SEED_OF_JACOB_16',		'UNITCOMBAT_RECON'),
		('PROMOTION_DMS_SEED_OF_JACOB_16',		'UNITCOMBAT_MOUNTED'),
		('PROMOTION_DMS_SEED_OF_JACOB_16',		'UNITCOMBAT_MELEE'),
		('PROMOTION_DMS_SEED_OF_JACOB_16',		'UNITCOMBAT_GUN'),
		('PROMOTION_DMS_SEED_OF_JACOB_16',		'UNITCOMBAT_ARMOR'),
		('PROMOTION_DMS_SEED_OF_JACOB_17',		'UNITCOMBAT_RECON'),
		('PROMOTION_DMS_SEED_OF_JACOB_17',		'UNITCOMBAT_MOUNTED'),
		('PROMOTION_DMS_SEED_OF_JACOB_17',		'UNITCOMBAT_MELEE'),
		('PROMOTION_DMS_SEED_OF_JACOB_17',		'UNITCOMBAT_GUN'),
		('PROMOTION_DMS_SEED_OF_JACOB_17',		'UNITCOMBAT_ARMOR'),
		('PROMOTION_DMS_SEED_OF_JACOB_18',		'UNITCOMBAT_RECON'),
		('PROMOTION_DMS_SEED_OF_JACOB_18',		'UNITCOMBAT_MOUNTED'),
		('PROMOTION_DMS_SEED_OF_JACOB_18',		'UNITCOMBAT_MELEE'),
		('PROMOTION_DMS_SEED_OF_JACOB_18',		'UNITCOMBAT_GUN'),
		('PROMOTION_DMS_SEED_OF_JACOB_18',		'UNITCOMBAT_ARMOR'),
		('PROMOTION_DMS_SEED_OF_JACOB_19',		'UNITCOMBAT_RECON'),
		('PROMOTION_DMS_SEED_OF_JACOB_19',		'UNITCOMBAT_MOUNTED'),
		('PROMOTION_DMS_SEED_OF_JACOB_19',		'UNITCOMBAT_MELEE'),
		('PROMOTION_DMS_SEED_OF_JACOB_19',		'UNITCOMBAT_GUN'),
		('PROMOTION_DMS_SEED_OF_JACOB_19',		'UNITCOMBAT_ARMOR'),
		('PROMOTION_DMS_SEED_OF_JACOB_20',		'UNITCOMBAT_RECON'),
		('PROMOTION_DMS_SEED_OF_JACOB_20',		'UNITCOMBAT_MOUNTED'),
		('PROMOTION_DMS_SEED_OF_JACOB_20',		'UNITCOMBAT_MELEE'),
		('PROMOTION_DMS_SEED_OF_JACOB_20',		'UNITCOMBAT_GUN'),
		('PROMOTION_DMS_SEED_OF_JACOB_20',		'UNITCOMBAT_ARMOR'),
		('PROMOTION_DMS_SEED_OF_JACOB_21',		'UNITCOMBAT_RECON'),
		('PROMOTION_DMS_SEED_OF_JACOB_21',		'UNITCOMBAT_MOUNTED'),
		('PROMOTION_DMS_SEED_OF_JACOB_21',		'UNITCOMBAT_MELEE'),
		('PROMOTION_DMS_SEED_OF_JACOB_21',		'UNITCOMBAT_GUN'),
		('PROMOTION_DMS_SEED_OF_JACOB_21',		'UNITCOMBAT_ARMOR'),
		('PROMOTION_DMS_SEED_OF_JACOB_22',		'UNITCOMBAT_RECON'),
		('PROMOTION_DMS_SEED_OF_JACOB_22',		'UNITCOMBAT_MOUNTED'),
		('PROMOTION_DMS_SEED_OF_JACOB_22',		'UNITCOMBAT_MELEE'),
		('PROMOTION_DMS_SEED_OF_JACOB_22',		'UNITCOMBAT_GUN'),
		('PROMOTION_DMS_SEED_OF_JACOB_22',		'UNITCOMBAT_ARMOR'),
		('PROMOTION_DMS_SEED_OF_JACOB_23',		'UNITCOMBAT_RECON'),
		('PROMOTION_DMS_SEED_OF_JACOB_23',		'UNITCOMBAT_MOUNTED'),
		('PROMOTION_DMS_SEED_OF_JACOB_23',		'UNITCOMBAT_MELEE'),
		('PROMOTION_DMS_SEED_OF_JACOB_23',		'UNITCOMBAT_GUN'),
		('PROMOTION_DMS_SEED_OF_JACOB_23',		'UNITCOMBAT_ARMOR'),
		('PROMOTION_DMS_SEED_OF_JACOB_24',		'UNITCOMBAT_RECON'),
		('PROMOTION_DMS_SEED_OF_JACOB_24',		'UNITCOMBAT_MOUNTED'),
		('PROMOTION_DMS_SEED_OF_JACOB_24',		'UNITCOMBAT_MELEE'),
		('PROMOTION_DMS_SEED_OF_JACOB_24',		'UNITCOMBAT_GUN'),
		('PROMOTION_DMS_SEED_OF_JACOB_24',		'UNITCOMBAT_ARMOR'),
		('PROMOTION_DMS_SEED_OF_JACOB_25',		'UNITCOMBAT_RECON'),
		('PROMOTION_DMS_SEED_OF_JACOB_25',		'UNITCOMBAT_MOUNTED'),
		('PROMOTION_DMS_SEED_OF_JACOB_25',		'UNITCOMBAT_MELEE'),
		('PROMOTION_DMS_SEED_OF_JACOB_25',		'UNITCOMBAT_GUN'),
		('PROMOTION_DMS_SEED_OF_JACOB_25',		'UNITCOMBAT_ARMOR');		
--==========================================================================================================================
-- LEADERS
--==========================================================================================================================
-- Leaders
--------------------------------
INSERT INTO Leaders 
		(Type, 								Description, 							Civilopedia, 							CivilopediaTag, 									ArtDefineTag, 					VictoryCompetitiveness, WonderCompetitiveness, 	MinorCivCompetitiveness, 	Boldness, 	DiploBalance, 	WarmongerHate, 	DenounceWillingness, 	DoFWillingness, Loyalty, 	Neediness, 	Forgiveness, 	Chattiness, Meanness, 	IconAtlas, 					PortraitIndex)
VALUES	('LEADER_DMS_YAQOB', 				'TXT_KEY_LEADER_DMS_YAQOB', 			'TXT_KEY_LEADER_DMS_YAQOB_PEDIA', 		'TXT_KEY_CIVILOPEDIA_LEADERS_DMS_YAQOB', 			'ZaraYaqob_Diplo.xml',			5, 						7, 						5, 							6, 			6, 				7, 				7, 						6, 				4, 			7, 			7, 				6, 			6, 			'DMS_ETHIOPIA_ATLAS',		7);
--------------------------------
-- Leader_MajorCivApproachBiases
--------------------------------
INSERT INTO Leader_MajorCivApproachBiases 
		(LeaderType, 					MajorCivApproachType, 				Bias)
VALUES		('LEADER_DMS_YAQOB', 			'MAJOR_CIV_APPROACH_WAR', 			5),
		('LEADER_DMS_YAQOB', 			'MAJOR_CIV_APPROACH_HOSTILE', 		6),
		('LEADER_DMS_YAQOB', 			'MAJOR_CIV_APPROACH_DECEPTIVE', 	7),
		('LEADER_DMS_YAQOB', 			'MAJOR_CIV_APPROACH_GUARDED', 		8),
		('LEADER_DMS_YAQOB', 			'MAJOR_CIV_APPROACH_AFRAID', 		8),
		('LEADER_DMS_YAQOB', 			'MAJOR_CIV_APPROACH_FRIENDLY', 		8),
		('LEADER_DMS_YAQOB', 			'MAJOR_CIV_APPROACH_NEUTRAL', 		2);
--------------------------------
-- Leader_MajorCivApproachBiases
--------------------------------					
INSERT INTO Leader_MinorCivApproachBiases 
		(LeaderType, 					MinorCivApproachType, 				Bias)
VALUES	('LEADER_DMS_YAQOB', 			'MINOR_CIV_APPROACH_IGNORE', 		6),
		('LEADER_DMS_YAQOB', 			'MINOR_CIV_APPROACH_FRIENDLY', 		7),
		('LEADER_DMS_YAQOB', 			'MINOR_CIV_APPROACH_PROTECTIVE', 	5),
		('LEADER_DMS_YAQOB', 			'MINOR_CIV_APPROACH_CONQUEST', 		5),
		('LEADER_DMS_YAQOB', 			'MINOR_CIV_APPROACH_BULLY', 		2);
--------------------------------
-- Leader_Flavors
--------------------------------
INSERT INTO Leader_Flavors 
		(LeaderType, 				FlavorType, 						Flavor)
VALUES		('LEADER_DMS_YAQOB', 			'FLAVOR_OFFENSE', 					6),
		('LEADER_DMS_YAQOB', 			'FLAVOR_DEFENSE', 					5),
		('LEADER_DMS_YAQOB', 			'FLAVOR_CITY_DEFENSE', 				8),
		('LEADER_DMS_YAQOB', 			'FLAVOR_MILITARY_TRAINING', 		5),
		('LEADER_DMS_YAQOB', 			'FLAVOR_RECON', 					9),
		('LEADER_DMS_YAQOB', 			'FLAVOR_RANGED', 					4),
		('LEADER_DMS_YAQOB', 			'FLAVOR_MOBILE', 					4),
		('LEADER_DMS_YAQOB', 			'FLAVOR_NAVAL', 					5),
		('LEADER_DMS_YAQOB', 			'FLAVOR_NAVAL_RECON', 				8),
		('LEADER_DMS_YAQOB', 			'FLAVOR_NAVAL_GROWTH', 				5),
		('LEADER_DMS_YAQOB', 			'FLAVOR_NAVAL_TILE_IMPROVEMENT', 	5),
		('LEADER_DMS_YAQOB', 			'FLAVOR_AIR', 						5),
		('LEADER_DMS_YAQOB', 			'FLAVOR_EXPANSION', 				6),
		('LEADER_DMS_YAQOB', 			'FLAVOR_GROWTH', 					8),
		('LEADER_DMS_YAQOB', 			'FLAVOR_TILE_IMPROVEMENT', 			5),
		('LEADER_DMS_YAQOB', 			'FLAVOR_INFRASTRUCTURE', 			7),
		('LEADER_DMS_YAQOB', 			'FLAVOR_PRODUCTION', 				5),
		('LEADER_DMS_YAQOB', 			'FLAVOR_GOLD', 						5),
		('LEADER_DMS_YAQOB', 			'FLAVOR_SCIENCE', 					6),
		('LEADER_DMS_YAQOB', 			'FLAVOR_CULTURE', 					7),
		('LEADER_DMS_YAQOB', 			'FLAVOR_HAPPINESS', 				6),
		('LEADER_DMS_YAQOB', 			'FLAVOR_GREAT_PEOPLE', 				8),
		('LEADER_DMS_YAQOB', 			'FLAVOR_WONDER', 					5),
		('LEADER_DMS_YAQOB', 			'FLAVOR_RELIGION', 					10),
		('LEADER_DMS_YAQOB', 			'FLAVOR_DIPLOMACY', 				6),
		('LEADER_DMS_YAQOB', 			'FLAVOR_SPACESHIP', 				5),
		('LEADER_DMS_YAQOB', 			'FLAVOR_WATER_CONNECTION', 			5),
		('LEADER_DMS_YAQOB', 			'FLAVOR_NUKE', 						4),
		('LEADER_DMS_YAQOB', 			'FLAVOR_USE_NUKE', 					8),
		('LEADER_DMS_YAQOB', 			'FLAVOR_ESPIONAGE', 				9),
		('LEADER_DMS_YAQOB', 			'FLAVOR_AIRLIFT', 					5),
		('LEADER_DMS_YAQOB', 			'FLAVOR_I_TRADE_DESTINATION', 		5),
		('LEADER_DMS_YAQOB', 			'FLAVOR_I_TRADE_ORIGIN', 			5),
		('LEADER_DMS_YAQOB', 			'FLAVOR_I_SEA_TRADE_ROUTE', 		5),
		('LEADER_DMS_YAQOB', 			'FLAVOR_I_LAND_TRADE_ROUTE', 		5),
		('LEADER_DMS_YAQOB', 			'FLAVOR_ARCHAEOLOGY', 				8),
		('LEADER_DMS_YAQOB', 			'FLAVOR_AIR_CARRIER', 				4);
--------------------------------
-- Leader_Traits
--------------------------------
INSERT INTO Leader_Traits 
		(LeaderType, 					TraitType)
VALUES	('LEADER_DMS_YAQOB', 			'TRAIT_DMS_SEED_OF_JACOB');
--==========================================================================================================================
-- TRAITS
--==========================================================================================================================
-- Traits
--------------------------------
INSERT INTO Traits 
		(Type, 									Description, 									ShortDescription)
VALUES	('TRAIT_DMS_SEED_OF_JACOB',				'TXT_KEY_TRAIT_DMS_SEED_OF_JACOB', 				'TXT_KEY_TRAIT_DMS_SEED_OF_JACOB_SHORT');	
--==========================================================================================================================
-- CIVILIZATIONS
--==========================================================================================================================
-- Civilizations
-------------------------------- 
INSERT INTO Civilizations 	
		(Type, 										DerivativeCiv,						Description, 											ShortDescription, 											Adjective, 													Civilopedia, 										CivilopediaTag, 							DefaultPlayerColor, 					ArtDefineTag, ArtStyleType, ArtStyleSuffix, ArtStylePrefix, IconAtlas, 					PortraitIndex, 	AlphaIconAtlas, 				SoundtrackTag, 	MapImage, 										DawnOfManQuote, 							DawnOfManImage)
SELECT	('CIVILIZATION_DMS_ETHIOPIA_YAQOB'), 		('CIVILIZATION_ETHIOPIA'),			('TXT_KEY_CIVILIZATION_ETHIOPIA_YAQOB_DESC'), 			('TXT_KEY_CIVILIZATION_ETHIOPIA_YAQOB_SHORT_DESC'),			('TXT_KEY_CIVILIZATION_ETHIOPIA_YAQOB_ADJECTIVE'),			Civilopedia, 										CivilopediaTag, 							('PLAYERCOLOR_DMS_ETHIOPIA_YAQOB'), 	ArtDefineTag, ArtStyleType, ArtStyleSuffix, ArtStylePrefix, ('DMS_ETHIOPIA_ATLAS'), 	2,				('DMS_ETHIOPIA_ALPHA_ATLAS'), 	SoundtrackTag, 	('DMS_EthiopiaZaraYaqobMap_512.dds'),			('TXT_KEY_DOM_DMS_ZARA_YAQOB_ETHIOPIA'), 	('DMS_DOM_ZaraYaqob.dds')
FROM Civilizations WHERE (Type = 'CIVILIZATION_ETHIOPIA');
--------------------------------
-- Civilization_CityNames
--------------------------------
DELETE FROM Civilization_CityNames WHERE CivilizationType = 'CIVILIZATION_ETHIOPIA';

INSERT INTO Civilization_CityNames 
		(CivilizationType, 							CityName)
VALUES	('CIVILIZATION_DMS_ETHIOPIA_YAQOB',			'TXT_KEY_CITY_NAME_DMS_ETHIOPIA_YAQOB_0'),
		('CIVILIZATION_DMS_ETHIOPIA_YAQOB',		'TXT_KEY_CITY_NAME_DMS_ETHIOPIA_YAQOB_1'),
		('CIVILIZATION_DMS_ETHIOPIA_YAQOB',		'TXT_KEY_CITY_NAME_DMS_ETHIOPIA_YAQOB_2'),
		('CIVILIZATION_DMS_ETHIOPIA_YAQOB',		'TXT_KEY_CITY_NAME_DMS_ETHIOPIA_YAQOB_3'),
		('CIVILIZATION_DMS_ETHIOPIA_YAQOB',		'TXT_KEY_CITY_NAME_DMS_ETHIOPIA_YAQOB_4'),
		('CIVILIZATION_DMS_ETHIOPIA_YAQOB',		'TXT_KEY_CITY_NAME_DMS_ETHIOPIA_YAQOB_5'),
		('CIVILIZATION_DMS_ETHIOPIA_YAQOB',		'TXT_KEY_CITY_NAME_DMS_ETHIOPIA_YAQOB_6'),
		('CIVILIZATION_DMS_ETHIOPIA_YAQOB',		'TXT_KEY_CITY_NAME_DMS_ETHIOPIA_YAQOB_7'),
		('CIVILIZATION_DMS_ETHIOPIA_YAQOB', 		'TXT_KEY_CITY_NAME_DMS_ETHIOPIA_YAQOB_8'),
		('CIVILIZATION_DMS_ETHIOPIA_YAQOB', 		'TXT_KEY_CITY_NAME_DMS_ETHIOPIA_YAQOB_9'),
		('CIVILIZATION_DMS_ETHIOPIA_YAQOB', 		'TXT_KEY_CITY_NAME_DMS_ETHIOPIA_YAQOB_10'),
		('CIVILIZATION_DMS_ETHIOPIA_YAQOB', 		'TXT_KEY_CITY_NAME_DMS_ETHIOPIA_YAQOB_11'),
		('CIVILIZATION_DMS_ETHIOPIA_YAQOB', 		'TXT_KEY_CITY_NAME_DMS_ETHIOPIA_YAQOB_12'),
		('CIVILIZATION_DMS_ETHIOPIA_YAQOB', 		'TXT_KEY_CITY_NAME_DMS_ETHIOPIA_YAQOB_13'),
		('CIVILIZATION_DMS_ETHIOPIA_YAQOB', 		'TXT_KEY_CITY_NAME_DMS_ETHIOPIA_YAQOB_14'),
		('CIVILIZATION_DMS_ETHIOPIA_YAQOB', 		'TXT_KEY_CITY_NAME_DMS_ETHIOPIA_YAQOB_15'),
		('CIVILIZATION_DMS_ETHIOPIA_YAQOB', 		'TXT_KEY_CITY_NAME_DMS_ETHIOPIA_YAQOB_16'),
		('CIVILIZATION_DMS_ETHIOPIA_YAQOB', 		'TXT_KEY_CITY_NAME_DMS_ETHIOPIA_YAQOB_17'),
		('CIVILIZATION_DMS_ETHIOPIA_YAQOB', 		'TXT_KEY_CITY_NAME_DMS_ETHIOPIA_YAQOB_18'),
		('CIVILIZATION_DMS_ETHIOPIA_YAQOB', 		'TXT_KEY_CITY_NAME_DMS_ETHIOPIA_YAQOB_19'),
		('CIVILIZATION_DMS_ETHIOPIA_YAQOB', 		'TXT_KEY_CITY_NAME_DMS_ETHIOPIA_YAQOB_20'),
		('CIVILIZATION_DMS_ETHIOPIA_YAQOB', 		'TXT_KEY_CITY_NAME_DMS_ETHIOPIA_YAQOB_21'),
		('CIVILIZATION_DMS_ETHIOPIA_YAQOB', 		'TXT_KEY_CITY_NAME_DMS_ETHIOPIA_YAQOB_22'),
		('CIVILIZATION_DMS_ETHIOPIA_YAQOB', 		'TXT_KEY_CITY_NAME_DMS_ETHIOPIA_YAQOB_23'),
		('CIVILIZATION_DMS_ETHIOPIA_YAQOB', 		'TXT_KEY_CITY_NAME_DMS_ETHIOPIA_YAQOB_24'),
		('CIVILIZATION_DMS_ETHIOPIA_YAQOB', 		'TXT_KEY_CITY_NAME_DMS_ETHIOPIA_YAQOB_25'),
		('CIVILIZATION_DMS_ETHIOPIA_YAQOB', 		'TXT_KEY_CITY_NAME_DMS_ETHIOPIA_YAQOB_26'),
		('CIVILIZATION_DMS_ETHIOPIA_YAQOB', 		'TXT_KEY_CITY_NAME_DMS_ETHIOPIA_YAQOB_27'),
		('CIVILIZATION_DMS_ETHIOPIA_YAQOB',		'TXT_KEY_CITY_NAME_DMS_ETHIOPIA_YAQOB_28'),
		('CIVILIZATION_DMS_ETHIOPIA_YAQOB',		'TXT_KEY_CITY_NAME_DMS_ETHIOPIA_YAQOB_29'),
		('CIVILIZATION_DMS_ETHIOPIA_YAQOB',		'TXT_KEY_CITY_NAME_DMS_ETHIOPIA_YAQOB_30'),
		('CIVILIZATION_DMS_ETHIOPIA_YAQOB', 		'TXT_KEY_CITY_NAME_DMS_ETHIOPIA_YAQOB_31'),
		('CIVILIZATION_DMS_ETHIOPIA_YAQOB', 		'TXT_KEY_CITY_NAME_DMS_ETHIOPIA_YAQOB_32'),
		('CIVILIZATION_DMS_ETHIOPIA_YAQOB', 		'TXT_KEY_CITY_NAME_DMS_ETHIOPIA_YAQOB_33'),
		('CIVILIZATION_DMS_ETHIOPIA_YAQOB', 		'TXT_KEY_CITY_NAME_DMS_ETHIOPIA_YAQOB_34'),
		('CIVILIZATION_DMS_ETHIOPIA_YAQOB', 		'TXT_KEY_CITY_NAME_DMS_ETHIOPIA_YAQOB_35'),
		('CIVILIZATION_DMS_ETHIOPIA_YAQOB', 		'TXT_KEY_CITY_NAME_DMS_ETHIOPIA_YAQOB_36'),
		('CIVILIZATION_DMS_ETHIOPIA_YAQOB', 		'TXT_KEY_CITY_NAME_DMS_ETHIOPIA_YAQOB_37'),
		('CIVILIZATION_DMS_ETHIOPIA_YAQOB', 		'TXT_KEY_CITY_NAME_DMS_ETHIOPIA_YAQOB_38'),
		('CIVILIZATION_DMS_ETHIOPIA_YAQOB', 		'TXT_KEY_CITY_NAME_DMS_ETHIOPIA_YAQOB_39');	
--------------------------------	
-- Civilization_FreeBuildingClasses
--------------------------------	
INSERT INTO Civilization_FreeBuildingClasses 
		(CivilizationType, 							BuildingClassType)
SELECT	('CIVILIZATION_DMS_ETHIOPIA_YAQOB'), 		BuildingClassType
FROM Civilization_FreeBuildingClasses WHERE (CivilizationType = 'CIVILIZATION_ETHIOPIA');			
--------------------------------	
-- Civilization_FreeTechs
--------------------------------
INSERT INTO Civilization_FreeTechs 
		(CivilizationType, 							TechType)
SELECT	('CIVILIZATION_DMS_ETHIOPIA_YAQOB'), 		TechType
FROM Civilization_FreeTechs WHERE (CivilizationType = 'CIVILIZATION_ETHIOPIA');
--------------------------------	
-- Civilization_FreeUnits
--------------------------------
INSERT INTO Civilization_FreeUnits 
		(CivilizationType, 							UnitClassType, Count, UnitAIType)
SELECT	('CIVILIZATION_DMS_ETHIOPIA_YAQOB'),		UnitClassType, Count, UnitAIType
FROM Civilization_FreeUnits WHERE (CivilizationType = 'CIVILIZATION_ETHIOPIA');
--------------------------------	
-- Civilization_Leaders
--------------------------------
INSERT INTO Civilization_Leaders 
		(CivilizationType, 							LeaderheadType)
VALUES		('CIVILIZATION_DMS_ETHIOPIA_YAQOB',			'LEADER_DMS_YAQOB');
--------------------------------	
-- Civilization_UnitClassOverrides 
--------------------------------
INSERT INTO Civilization_UnitClassOverrides 
		(CivilizationType, 							UnitClassType,					UnitType)
VALUES	('CIVILIZATION_DMS_ETHIOPIA_YAQOB',			'UNITCLASS_PROPHET',			'UNIT_DMS_DEBTERA');
--------------------------------	
-- Civilization_Religions
--------------------------------
INSERT INTO Civilization_Religions 
		(CivilizationType, 							ReligionType)
SELECT	('CIVILIZATION_DMS_ETHIOPIA_YAQOB'), 		ReligionType			
FROM Civilization_Religions WHERE (CivilizationType = 'CIVILIZATION_ETHIOPIA');
--------------------------------	
-- Civilization_SpyNames
--------------------------------
INSERT INTO Civilization_SpyNames 
		(CivilizationType, 							SpyName)
VALUES	('CIVILIZATION_DMS_ETHIOPIA_YAQOB', 		'TXT_KEY_SPY_NAME_DMS_ETHIOPIA_0'),	
		('CIVILIZATION_DMS_ETHIOPIA_YAQOB', 		'TXT_KEY_SPY_NAME_DMS_ETHIOPIA_1'),
		('CIVILIZATION_DMS_ETHIOPIA_YAQOB', 		'TXT_KEY_SPY_NAME_DMS_ETHIOPIA_2'),
		('CIVILIZATION_DMS_ETHIOPIA_YAQOB', 		'TXT_KEY_SPY_NAME_DMS_ETHIOPIA_3'),
		('CIVILIZATION_DMS_ETHIOPIA_YAQOB', 		'TXT_KEY_SPY_NAME_DMS_ETHIOPIA_4'),
		('CIVILIZATION_DMS_ETHIOPIA_YAQOB', 		'TXT_KEY_SPY_NAME_DMS_ETHIOPIA_5'),
		('CIVILIZATION_DMS_ETHIOPIA_YAQOB', 		'TXT_KEY_SPY_NAME_DMS_ETHIOPIA_6'),
		('CIVILIZATION_DMS_ETHIOPIA_YAQOB', 		'TXT_KEY_SPY_NAME_DMS_ETHIOPIA_7'),
		('CIVILIZATION_DMS_ETHIOPIA_YAQOB', 		'TXT_KEY_SPY_NAME_DMS_ETHIOPIA_8'),
		('CIVILIZATION_DMS_ETHIOPIA_YAQOB', 		'TXT_KEY_SPY_NAME_DMS_ETHIOPIA_9');
--==========================================================================================================================
--==========================================================================================================================