-------------------------------------------
--Building (Bá-ak)
-------------------------------------------
INSERT INTO Buildings
		(Type,					Description,					Civilopedia,							Strategy,								Help,								ThemingBonusHelp,	Quote,	GoldMaintenance,	MutuallyExclusiveGroup,	TeamShare,	Water,	River,	FreshWater,	Mountain,	NearbyMountainRequired,	Hill,	Flat,	FoundsReligion,	IsReligious,	BorderObstacle,	PlayerBorderObstacle,	Capital,	GoldenAge,	MapCentering,	NeverCapture,	NukeImmune,	AllowsWaterRoutes,	ExtraLuxuries,	DiplomaticVoting,	AffectSpiesNow,	NullifyInfluenceModifier,	Cost,	FaithCost,	LeagueCost,	UnlockedByBelief,	UnlockedByLeague,	HolyCity,	NumCityCostMod,	HurryCostModifier,	MinAreaSize,	CitiesPrereq,	LevelPrereq,	CultureRateModifier,	GlobalCultureRateModifier,	GreatPeopleRateModifier,	GlobalGreatPeopleRateModifier,	GreatGeneralRateModifier,	GreatPersonExpendGold,	GoldenAgeModifier,	UnitUpgradeCostMod,	Experience,	GlobalExperience,	FoodKept,	Airlift,	AirModifier,	NukeModifier,	NukeExplosionRand,	HealRateChange,	Happiness,	UnmoddedHappiness,	UnhappinessModifier,	HappinessPerCity,	HappinessPerXPolicies,	CityCountUnhappinessMod,	NoOccupiedUnhappiness,	WorkerSpeedModifier,	MilitaryProductionModifier,	SpaceProductionModifier,	GlobalSpaceProductionModifier,	BuildingProductionModifier,	WonderProductionModifier,	CityConnectionTradeRouteModifier,	CapturePlunderModifier,	PolicyCostModifier,	PlotCultureCostModifier,	GlobalPlotCultureCostModifier,	PlotBuyCostModifier,	GlobalPlotBuyCostModifier,	GlobalPopulationChange,	TechShare,	FreeTechs,	FreePolicies,	FreeGreatPeople,	MedianTechPercentChange,	Gold,	AllowsRangeStrike,	Espionage,	AllowsFoodTradeRoutes,	AllowsProductionTradeRoutes,	Defense,	ExtraCityHitPoints,	GlobalDefenseMod,	MinorFriendshipChange,	VictoryPoints,	ExtraMissionarySpreads,	ReligiousPressureModifier,	EspionageModifier,	GlobalEspionageModifier,	ExtraSpies,	SpyRankChange,	InstantSpyRankChange,	TradeRouteRecipientBonus,	TradeRouteTargetBonus,	NumTradeRouteBonus,	LandmarksTourismPercent,	InstantMilitaryIncrease,	GreatWorksTourismModifier,	XBuiltTriggersIdeologyChoice,	TradeRouteSeaDistanceModifier,	TradeRouteSeaGoldBonus,	TradeRouteLandDistanceModifier,	TradeRouteLandGoldBonus,	CityStateTradeRouteProductionModifier,	GreatScientistBeakerModifier,	BuildingClass,	ArtDefineTag,	NearbyTerrainRequired,	ProhibitedCityTerrain,	VictoryPrereq,	FreeStartEra,	MaxStartEra,	ObsoleteTech,	EnhancedYieldTech,	TechEnhancedTourism,	FreeBuilding,	FreeBuildingThisCity,	FreePromotion,	TrainedFreePromotion,	FreePromotionRemoved,	ReplacementBuildingClass,	PrereqTech,	PolicyBranchType,	SpecialistType,	SpecialistCount,	GreatWorkSlotType,	FreeGreatWork,	GreatWorkCount,	SpecialistExtraCulture,	GreatPeopleRateChange,	ExtraLeagueVotes,	CityWall,	DisplayPosition,	WonderSplashImage,	WonderSplashAnchor,	WonderSplashAudio,	ArtInfoCulturalVariation,	ArtInfoEraVariation,	ArtInfoRandomVariation,	PortraitIndex,	IconAtlas)
SELECT	'BUILDING_JWW_BAAK',	'TXT_KEY_BUILDING_JWW_BAAK',	'TXT_KEY_CIV5_BUILDINGS_JWW_BAAK_TEXT',	'TXT_KEY_BUILDING_JWW_BAAK_STRATEGY',	'TXT_KEY_BUILDING_JWW_BAAK_HELP',	ThemingBonusHelp,	Quote,	GoldMaintenance,	MutuallyExclusiveGroup,	TeamShare,	Water,	River,	FreshWater,	Mountain,	NearbyMountainRequired,	Hill,	Flat,	FoundsReligion,	IsReligious,	BorderObstacle,	PlayerBorderObstacle,	Capital,	GoldenAge,	MapCentering,	1,				NukeImmune,	AllowsWaterRoutes,	ExtraLuxuries,	DiplomaticVoting,	AffectSpiesNow,	NullifyInfluenceModifier,	Cost,	FaithCost,	LeagueCost,	UnlockedByBelief,	UnlockedByLeague,	HolyCity,	NumCityCostMod,	HurryCostModifier,	MinAreaSize,	CitiesPrereq,	LevelPrereq,	CultureRateModifier,	GlobalCultureRateModifier,	GreatPeopleRateModifier,	GlobalGreatPeopleRateModifier,	GreatGeneralRateModifier,	GreatPersonExpendGold,	GoldenAgeModifier,	UnitUpgradeCostMod,	Experience,	GlobalExperience,	FoodKept,	Airlift,	AirModifier,	NukeModifier,	NukeExplosionRand,	HealRateChange,	Happiness,	UnmoddedHappiness,	UnhappinessModifier,	HappinessPerCity,	HappinessPerXPolicies,	CityCountUnhappinessMod,	NoOccupiedUnhappiness,	WorkerSpeedModifier,	MilitaryProductionModifier,	SpaceProductionModifier,	GlobalSpaceProductionModifier,	BuildingProductionModifier,	WonderProductionModifier,	CityConnectionTradeRouteModifier,	CapturePlunderModifier,	PolicyCostModifier,	PlotCultureCostModifier,	GlobalPlotCultureCostModifier,	PlotBuyCostModifier,	GlobalPlotBuyCostModifier,	GlobalPopulationChange,	TechShare,	FreeTechs,	FreePolicies,	FreeGreatPeople,	MedianTechPercentChange,	Gold,	AllowsRangeStrike,	Espionage,	AllowsFoodTradeRoutes,	AllowsProductionTradeRoutes,	Defense,	ExtraCityHitPoints,	GlobalDefenseMod,	MinorFriendshipChange,	VictoryPoints,	ExtraMissionarySpreads,	ReligiousPressureModifier,	EspionageModifier,	GlobalEspionageModifier,	ExtraSpies,	SpyRankChange,	InstantSpyRankChange,	TradeRouteRecipientBonus,	TradeRouteTargetBonus,	NumTradeRouteBonus,	LandmarksTourismPercent,	InstantMilitaryIncrease,	GreatWorksTourismModifier,	XBuiltTriggersIdeologyChoice,	TradeRouteSeaDistanceModifier,	TradeRouteSeaGoldBonus,	TradeRouteLandDistanceModifier,	TradeRouteLandGoldBonus,	CityStateTradeRouteProductionModifier,	GreatScientistBeakerModifier,	BuildingClass,	ArtDefineTag,	NearbyTerrainRequired,	ProhibitedCityTerrain,	VictoryPrereq,	FreeStartEra,	MaxStartEra,	ObsoleteTech,	EnhancedYieldTech,	TechEnhancedTourism,	FreeBuilding,	FreeBuildingThisCity,	FreePromotion,	TrainedFreePromotion,	FreePromotionRemoved,	ReplacementBuildingClass,	PrereqTech,	PolicyBranchType,	SpecialistType,	SpecialistCount,	GreatWorkSlotType,	FreeGreatWork,	GreatWorkCount,	SpecialistExtraCulture,	GreatPeopleRateChange,	ExtraLeagueVotes,	CityWall,	DisplayPosition,	WonderSplashImage,	WonderSplashAnchor,	WonderSplashAudio,	ArtInfoCulturalVariation,	ArtInfoEraVariation,	ArtInfoRandomVariation,	4,				'JWW_KARANKAWA_COLOR_ATLAS'
FROM Buildings WHERE Type = 'BUILDING_BARRACKS';

INSERT INTO	Building_Flavors
		(BuildingType,			FlavorType,	Flavor)
SELECT	'BUILDING_JWW_BAAK',	FlavorType,	Flavor
FROM Building_Flavors WHERE BuildingType = 'BUILDING_BARRACKS';

INSERT INTO Building_DomainFreeExperiences
		(BuildingType,			DomainType,		Experience)
SELECT	'BUILDING_JWW_BAAK',	DomainType,		Experience
FROM Building_DomainFreeExperiences WHERE BuildingType = 'BUILDING_BARRACKS';

INSERT INTO BuildingClasses
		(Type, 												DefaultBuilding, 							Description)
VALUES	('BUILDINGCLASS_JWW_KARANKAWA_GOLDEN_AGE_DUMMY', 	'BUILDING_JWW_KARANKAWA_GOLDEN_AGE_DUMMY', 	'TXT_KEY_JWW_KARANKAWA_GOLDEN_AGE_DUMMY');

INSERT INTO Buildings		
		(Type, 										BuildingClass,										Cost,	FaithCost,	GreatWorkCount,	NeverCapture,	Description)
VALUES	('BUILDING_JWW_KARANKAWA_GOLDEN_AGE_DUMMY',	'BUILDINGCLASS_JWW_KARANKAWA_GOLDEN_AGE_DUMMY',		-1,		-1,			-1,				1,				'TXT_KEY_JWW_KARANKAWA_GOLDEN_AGE_DUMMY');
-------------------------------------------
--Unit (Dug-out)
-------------------------------------------
INSERT INTO Units
		(Type,				Description,				Civilopedia,							Strategy,								Help,								Combat,	RangedCombat, Cost,	FaithCost,	RequiresFaithPurchaseEnabled,	PurchaseOnly, MoveAfterPurchase,	Moves,	Immobile,	Range,	BaseSightRange,	Class,	Special,	Capture,	CombatClass,	Domain,		CivilianAttackPriority,	DefaultUnitAI,	Food,	NoBadGoodies,	RivalTerritory,	MilitarySupport,	MilitaryProduction,	Pillage,	PillagePrereqTech,	Found,	FoundAbroad,	CultureBombRadius,	GoldenAgeTurns,	FreePolicies,	OneShotTourism,	OneShotTourismPercentOthers,	IgnoreBuildingDefense,	PrereqResources,	Mechanized,	Suicide,	CaptureWhileEmbarked,	PrereqTech,	ObsoleteTech,	GoodyHutUpgradeUnitClass,	HurryCostModifier,	AdvancedStartCost,	MinAreaSize,	AirInterceptRange,	AirUnitCap,	NukeDamageLevel,	WorkRate,	NumFreeTechs,	BaseBeakersTurnsToCount,	BaseCultureTurnsToCount,	RushBuilding,	BaseHurry,	HurryMultiplier,	BaseGold,	NumGoldPerEra,	SpreadReligion,	RemoveHeresy,	ReligionSpreads,	ReligiousStrength,	FoundReligion,	RequiresEnhancedReligion,	ProhibitsSpread,	CanBuyCityState,	CombatLimit,	RangeAttackOnlyInDomain,	RangeAttackIgnoreLOS,	Trade,	NumExoticGoods,	PolicyType,	RangedCombatLimit,	XPValueAttack,	XPValueDefense,	SpecialCargo,	DomainCargo,	Conscription,	ExtraMaintenanceCost,	NoMaintenance,	Unhappiness,	UnitArtInfo,				UnitArtInfoCulturalVariation,	UnitArtInfoEraVariation,	ProjectPrereq,	SpaceshipProject,	LeaderPromotion,	LeaderExperience,	DontShowYields,	ShowInPedia,	MoveRate,	UnitFlagIconOffset,	PortraitIndex,	IconAtlas,						UnitFlagAtlas)
SELECT	'UNIT_JWW_DUG_OUT',	'TXT_KEY_UNIT_JWW_DUG_OUT',	'TXT_KEY_CIV5_UNIT_JWW_DUG_OUT_TEXT',	'TXT_KEY_UNIT_JWW_DUG_OUT_STRATEGY',	'TXT_KEY_UNIT_HELP_JWW_DUG_OUT',	Combat,	RangedCombat, Cost,	FaithCost,	RequiresFaithPurchaseEnabled,	PurchaseOnly, MoveAfterPurchase,	Moves,	Immobile,	Range,	BaseSightRange,	Class,	Special,	Capture,	CombatClass,	Domain,		CivilianAttackPriority,	DefaultUnitAI,	Food,	NoBadGoodies,	RivalTerritory,	MilitarySupport,	MilitaryProduction,	Pillage,	PillagePrereqTech,	Found,	FoundAbroad,	CultureBombRadius,	GoldenAgeTurns,	FreePolicies,	OneShotTourism,	OneShotTourismPercentOthers,	IgnoreBuildingDefense,	PrereqResources,	Mechanized,	Suicide,	CaptureWhileEmbarked,	PrereqTech,	ObsoleteTech,	GoodyHutUpgradeUnitClass,	HurryCostModifier,	AdvancedStartCost,	MinAreaSize,	AirInterceptRange,	AirUnitCap,	NukeDamageLevel,	WorkRate,	NumFreeTechs,	BaseBeakersTurnsToCount,	BaseCultureTurnsToCount,	RushBuilding,	BaseHurry,	HurryMultiplier,	BaseGold,	NumGoldPerEra,	SpreadReligion,	RemoveHeresy,	ReligionSpreads,	ReligiousStrength,	FoundReligion,	RequiresEnhancedReligion,	ProhibitsSpread,	CanBuyCityState,	CombatLimit,	RangeAttackOnlyInDomain,	RangeAttackIgnoreLOS,	Trade,	NumExoticGoods,	PolicyType,	RangedCombatLimit,	XPValueAttack,	XPValueDefense,	SpecialCargo,	DomainCargo,	Conscription,	ExtraMaintenanceCost,	NoMaintenance,	Unhappiness,	'ART_DEF_UNIT_JWW_DUG_OUT',	UnitArtInfoCulturalVariation,	UnitArtInfoEraVariation,	ProjectPrereq,	SpaceshipProject,	LeaderPromotion,	LeaderExperience,	DontShowYields,	ShowInPedia,	MoveRate,	0,					2,				'JWW_KARANKAWA_COLOR_ATLAS',	'JWW_KARANKAWA_UNIT_ALPHA_ATLAS'
FROM Units WHERE Type = 'UNIT_WORKBOAT';

INSERT INTO Unit_AITypes
		(UnitType,			UnitAIType)
SELECT	'UNIT_JWW_DUG_OUT',	UnitAIType
FROM Unit_AITypes WHERE UnitType = 'UNIT_WORKBOAT';

INSERT INTO Unit_Flavors
		(UnitType,			FlavorType,			Flavor)
SELECT	'UNIT_JWW_DUG_OUT',	FlavorType,			Flavor
FROM Unit_Flavors WHERE UnitType = 'UNIT_WORKBOAT';

INSERT INTO Unit_Builds
		(UnitType,			BuildType)
SELECT	'UNIT_JWW_DUG_OUT',	BuildType
FROM Unit_Builds WHERE UnitType = 'UNIT_WORKBOAT';

INSERT INTO Unit_FreePromotions
		(UnitType,			PromotionType)
SELECT	'UNIT_JWW_DUG_OUT',	PromotionType
FROM Unit_FreePromotions WHERE UnitType = 'UNIT_WORKBOAT';

INSERT INTO UnitGameplay2DScripts
		(UnitType,			SelectionSound,		FirstSelectionSound)
SELECT	'UNIT_JWW_DUG_OUT',	SelectionSound,		FirstSelectionSound
FROM UnitGameplay2DScripts WHERE UnitType = 'UNIT_WORKBOAT';

INSERT INTO UnitPromotions
		(Type,											Description,													Help,														Sound,				CombatPercent,	CannotBeChosen,	PortraitIndex,	IconAtlas,			PediaType,		PediaEntry)
VALUES	('PROMOTION_JWW_KARANKAWA_COMBAT_STRENGTH',		'TXT_KEY_PROMOTION_JWW_KARANKAWA_COMBAT_STRENGTH',				'TXT_KEY_PROMOTION_JWW_KARANKAWA_COMBAT_STRENGTH_HELP',		'AS2D_IF_LEVELUP',	25,				1,				52,				'PROMOTION_ATLAS',	'PEDIA_ATTRIBUTES',	'TXT_KEY_PROMOTION_JWW_KARANKAWA_COMBAT_STRENGTH');
-------------------------------------------
--Resource (Oysters)
-------------------------------------------
INSERT INTO Resources
		(Type,						Description,					Civilopedia,								ResourceClassType,		CivilizationType,				ArtDefineTag,					Happiness,	ResourceUsage,	IconString,					PortraitIndex,	IconAtlas)
VALUES	('RESOURCE_JWW_OYSTERS',	'TXT_KEY_RESOURCE_JWW_OYSTERS',	'TXT_KEY_CIV5_RESOURCE_JWW_OYSTERS_TEXT',	'RESOURCECLASS_BONUS',	'CIVILIZATION_JWW_KARANKAWA',	'ART_DEF_RESOURCE_JWW_OYSTERS',	0,			0,				'[ICON_RES_JWW_OYSTERS]',	0,				'JWW_KARANKAWA_RESOURCE_ATLAS');

INSERT INTO Resource_TerrainBooleans
		(ResourceType,				TerrainType)
VALUES	('RESOURCE_JWW_OYSTERS',	'TERRAIN_COAST'),
		('RESOURCE_JWW_OYSTERS',	'TERRAIN_OCEAN');

INSERT INTO Resource_YieldChanges
		(ResourceType,				YieldType,			Yield)
VALUES	('RESOURCE_JWW_OYSTERS',	'YIELD_FOOD',		1),
		('RESOURCE_JWW_OYSTERS',	'YIELD_GOLD',		1);

INSERT INTO Resource_Flavors
		(ResourceType,				FlavorType,			Flavor)
VALUES	('RESOURCE_JWW_OYSTERS',	'FLAVOR_GROWTH',	10);

INSERT INTO Improvement_ResourceTypes
		(ImprovementType,				ResourceType,			ResourceMakesValid,	ResourceTrade)
VALUES	('IMPROVEMENT_FISHING_BOATS',	'RESOURCE_JWW_OYSTERS',	1,					1);

INSERT INTO Improvement_ResourceType_Yields
		(ImprovementType,				ResourceType,			YieldType,		Yield)
VALUES	('IMPROVEMENT_FISHING_BOATS',	'RESOURCE_JWW_OYSTERS',	'YIELD_FOOD',	1);

INSERT INTO Building_ResourceYieldChanges
		(BuildingType,			ResourceType,			YieldType,		Yield)
VALUES	('BUILDING_LIGHTHOUSE',	'RESOURCE_JWW_OYSTERS',	'YIELD_FOOD',	1);
-------------------------------------------
--Resource (Holly)
-------------------------------------------
INSERT INTO Resources
		(Type,					Description,					Civilopedia,							ResourceClassType,		CivilizationType,				ArtDefineTag,					Happiness,	ResourceUsage,	Hills,	Flatlands,	IconString,				PortraitIndex,	IconAtlas)
VALUES	('RESOURCE_JWW_HOLLY',	'TXT_KEY_RESOURCE_JWW_HOLLY',	'TXT_KEY_CIV5_RESOURCE_JWW_HOLLY_TEXT',	'RESOURCECLASS_LUXURY',	'CIVILIZATION_JWW_KARANKAWA',	'ART_DEF_RESOURCE_JWW_HOLLY',	4,			2,				1,		1,			'[ICON_RES_JWW_HOLLY]',	1,				'JWW_KARANKAWA_RESOURCE_ATLAS');

INSERT INTO Resource_TerrainBooleans
		(ResourceType,			TerrainType)
VALUES	('RESOURCE_JWW_HOLLY',	'TERRAIN_GRASS'),
		('RESOURCE_JWW_HOLLY',	'TERRAIN_PLAINS');

INSERT INTO Resource_FeatureBooleans
		(ResourceType,			FeatureType)
VALUES	('RESOURCE_JWW_HOLLY',	'FEATURE_JUNGLE'),
		('RESOURCE_JWW_HOLLY',	'FEATURE_MARSH'),
		('RESOURCE_JWW_HOLLY',	'FEATURE_FOREST');

INSERT INTO Resource_YieldChanges
		(ResourceType,			YieldType,			Yield)
VALUES	('RESOURCE_JWW_HOLLY',	'YIELD_GOLD',		1),
		('RESOURCE_JWW_HOLLY',	'YIELD_CULTURE',	1);

INSERT INTO Resource_Flavors
		(ResourceType,			FlavorType,			Flavor)
VALUES	('RESOURCE_JWW_HOLLY',	'FLAVOR_HAPPINESS',	10);

INSERT INTO Improvement_ResourceTypes
		(ImprovementType,			ResourceType,			ResourceMakesValid,	ResourceTrade)
VALUES	('IMPROVEMENT_PLANTATION',	'RESOURCE_JWW_HOLLY',	1,					1);

INSERT INTO Improvement_ResourceType_Yields
		(ImprovementType,			ResourceType,			YieldType,		Yield)
VALUES	('IMPROVEMENT_PLANTATION',	'RESOURCE_JWW_HOLLY',	'YIELD_GOLD',	1);
-------------------------------------------
--Leader (Joseph María)
-------------------------------------------
INSERT INTO Leaders
		(Type,						Description,						Civilopedia,								CivilopediaTag,									ArtDefineTag,				VictoryCompetitiveness,	WonderCompetitiveness,	MinorCivCompetitiveness,	Boldness,	DiploBalance,	WarmongerHate,	WorkAgainstWillingness,	WorkWithWillingness,	DenounceWillingness,	DoFWillingness,	Loyalty,	Neediness,	Forgiveness,	Chattiness,	Meanness,	PortraitIndex,	IconAtlas)
VALUES	('LEADER_JWW_JOSEPH_MARIA',	'TXT_KEY_LEADER_JWW_JOSEPH_MARIA',	'TXT_KEY_LEADER_JWW_JOSEPH_MARIA_PEDIA',	'TXT_KEY_CIVILOPEDIA_LEADERS_JWW_JOSEPH_MARIA',	'JWWJosephMariaScene.xml',	6,						2,						4,							6,			4,				5,				9,						3,						8,						4,				1,			4,			1,				3,			8,			0,				'JWW_KARANKAWA_COLOR_ATLAS');

INSERT INTO Leader_MajorCivApproachBiases
		(LeaderType,				MajorCivApproachType,			Bias)
VALUES	('LEADER_JWW_JOSEPH_MARIA',	'MAJOR_CIV_APPROACH_WAR',		7),
		('LEADER_JWW_JOSEPH_MARIA',	'MAJOR_CIV_APPROACH_HOSTILE',	8),
		('LEADER_JWW_JOSEPH_MARIA',	'MAJOR_CIV_APPROACH_DECEPTIVE',	4),
		('LEADER_JWW_JOSEPH_MARIA',	'MAJOR_CIV_APPROACH_GUARDED',	8),
		('LEADER_JWW_JOSEPH_MARIA',	'MAJOR_CIV_APPROACH_AFRAID',	3),
		('LEADER_JWW_JOSEPH_MARIA',	'MAJOR_CIV_APPROACH_FRIENDLY',	1),
		('LEADER_JWW_JOSEPH_MARIA',	'MAJOR_CIV_APPROACH_NEUTRAL',	4);

INSERT INTO Leader_MinorCivApproachBiases
		(LeaderType,				MinorCivApproachType,				Bias)
VALUES	('LEADER_JWW_JOSEPH_MARIA',	'MINOR_CIV_APPROACH_IGNORE',		4),
		('LEADER_JWW_JOSEPH_MARIA',	'MINOR_CIV_APPROACH_FRIENDLY',		3),
		('LEADER_JWW_JOSEPH_MARIA',	'MINOR_CIV_APPROACH_PROTECTIVE',	1),
		('LEADER_JWW_JOSEPH_MARIA',	'MINOR_CIV_APPROACH_CONQUEST',		6),
		('LEADER_JWW_JOSEPH_MARIA',	'MINOR_CIV_APPROACH_BULLY',			8);

INSERT INTO	Leader_Flavors
		(LeaderType,				FlavorType,							Flavor)
VALUES	('LEADER_JWW_JOSEPH_MARIA',	'FLAVOR_OFFENSE',					6),
		('LEADER_JWW_JOSEPH_MARIA',	'FLAVOR_DEFENSE',					9),
		('LEADER_JWW_JOSEPH_MARIA',	'FLAVOR_CITY_DEFENSE',				6),
		('LEADER_JWW_JOSEPH_MARIA',	'FLAVOR_MILITARY_TRAINING',			8),
		('LEADER_JWW_JOSEPH_MARIA',	'FLAVOR_RECON',						6),
		('LEADER_JWW_JOSEPH_MARIA',	'FLAVOR_RANGED',					9),
		('LEADER_JWW_JOSEPH_MARIA',	'FLAVOR_MOBILE',					2),
		('LEADER_JWW_JOSEPH_MARIA',	'FLAVOR_NAVAL',						9),
		('LEADER_JWW_JOSEPH_MARIA',	'FLAVOR_NAVAL_RECON',				10),
		('LEADER_JWW_JOSEPH_MARIA',	'FLAVOR_NAVAL_GROWTH',				8),
		('LEADER_JWW_JOSEPH_MARIA',	'FLAVOR_NAVAL_TILE_IMPROVEMENT',	12),
		('LEADER_JWW_JOSEPH_MARIA',	'FLAVOR_AIR',						1),
		('LEADER_JWW_JOSEPH_MARIA',	'FLAVOR_EXPANSION',					8),
		('LEADER_JWW_JOSEPH_MARIA',	'FLAVOR_GROWTH',					4),
		('LEADER_JWW_JOSEPH_MARIA',	'FLAVOR_TILE_IMPROVEMENT',			12),
		('LEADER_JWW_JOSEPH_MARIA',	'FLAVOR_INFRASTRUCTURE',			3),
		('LEADER_JWW_JOSEPH_MARIA',	'FLAVOR_PRODUCTION',				5),
		('LEADER_JWW_JOSEPH_MARIA',	'FLAVOR_GOLD',						4),
		('LEADER_JWW_JOSEPH_MARIA',	'FLAVOR_SCIENCE',					2),
		('LEADER_JWW_JOSEPH_MARIA',	'FLAVOR_CULTURE',					9),
		('LEADER_JWW_JOSEPH_MARIA',	'FLAVOR_HAPPINESS',					7),
		('LEADER_JWW_JOSEPH_MARIA',	'FLAVOR_GREAT_PEOPLE',				5),
		('LEADER_JWW_JOSEPH_MARIA',	'FLAVOR_WONDER',					3),
		('LEADER_JWW_JOSEPH_MARIA',	'FLAVOR_RELIGION',					4),
		('LEADER_JWW_JOSEPH_MARIA',	'FLAVOR_DIPLOMACY',					3),
		('LEADER_JWW_JOSEPH_MARIA',	'FLAVOR_SPACESHIP',					4),
		('LEADER_JWW_JOSEPH_MARIA',	'FLAVOR_WATER_CONNECTION',			10),
		('LEADER_JWW_JOSEPH_MARIA',	'FLAVOR_NUKE',						6),
		('LEADER_JWW_JOSEPH_MARIA',	'FLAVOR_USE_NUKE',					9),
		('LEADER_JWW_JOSEPH_MARIA',	'FLAVOR_ESPIONAGE',					7),
		('LEADER_JWW_JOSEPH_MARIA',	'FLAVOR_ANTIAIR',					7),
		('LEADER_JWW_JOSEPH_MARIA',	'FLAVOR_AIR_CARRIER',				5),
		('LEADER_JWW_JOSEPH_MARIA',	'FLAVOR_ARCHAEOLOGY',				3),
		('LEADER_JWW_JOSEPH_MARIA',	'FLAVOR_I_LAND_TRADE_ROUTE',		2),
		('LEADER_JWW_JOSEPH_MARIA',	'FLAVOR_I_SEA_TRADE_ROUTE',			8),
		('LEADER_JWW_JOSEPH_MARIA',	'FLAVOR_I_TRADE_ORIGIN',			2),
		('LEADER_JWW_JOSEPH_MARIA',	'FLAVOR_I_TRADE_DESTINATION',		6),
		('LEADER_JWW_JOSEPH_MARIA',	'FLAVOR_AIRLIFT',					3);

INSERT INTO Leader_Traits
		(LeaderType,				TraitType)
VALUES	('LEADER_JWW_JOSEPH_MARIA',	'TRAIT_JWW_CANNIBAL_COAST');
-------------------------------------------
--Trait (Isla del Malhado)
-------------------------------------------
INSERT INTO Traits
		(Type,							Description,						ShortDescription)
VALUES	('TRAIT_JWW_CANNIBAL_COAST',	'TXT_KEY_TRAIT_JWW_CANNIBAL_COAST',	'TXT_KEY_TRAIT_JWW_CANNIBAL_COAST_SHORT');
-------------------------------------------
--Diplomacy Responses
-------------------------------------------
INSERT INTO Diplomacy_Responses
		(LeaderType,				ResponseType,									Response,																	Bias)
VALUES	('LEADER_JWW_JOSEPH_MARIA',	'RESPONSE_ATTACKED_HOSTILE',					'TXT_KEY_LEADER_JWW_JOSEPH_MARIA_ATTACKED_GENERIC%',						500),
		('LEADER_JWW_JOSEPH_MARIA',	'RESPONSE_DEFEATED',							'TXT_KEY_LEADER_JWW_JOSEPH_MARIA_DEFEATED%',								500),
		('LEADER_JWW_JOSEPH_MARIA',	'RESPONSE_DOW_GENERIC',							'TXT_KEY_LEADER_JWW_JOSEPH_MARIA_DOW_GENERIC%',								500),
		('LEADER_JWW_JOSEPH_MARIA',	'RESPONSE_EXPANSION_SERIOUS_WARNING',			'TXT_KEY_LEADER_JWW_JOSEPH_MARIA_EXPANSION_SERIOUS_WARNING%',				500),
		('LEADER_JWW_JOSEPH_MARIA',	'RESPONSE_FIRST_GREETING',						'TXT_KEY_LEADER_JWW_JOSEPH_MARIA_FIRSTGREETING%',							500),
		('LEADER_JWW_JOSEPH_MARIA',	'RESPONSE_GREETING_AT_WAR_HOSTILE',				'TXT_KEY_LEADER_JWW_JOSEPH_MARIA_GREETING_AT_WAR_HOSTILE%',					500),
		('LEADER_JWW_JOSEPH_MARIA',	'RESPONSE_GREETING_POLITE_HELLO',				'TXT_KEY_LEADER_JWW_JOSEPH_MARIA_GREETING_POLITE_HELLO%',					500),
		('LEADER_JWW_JOSEPH_MARIA',	'RESPONSE_GREETING_NEUTRAL_HELLO',				'TXT_KEY_LEADER_JWW_JOSEPH_MARIA_GREETING_NEUTRAL_HELLO%',					500),
		('LEADER_JWW_JOSEPH_MARIA',	'RESPONSE_GREETING_HOSTILE_HELLO',				'TXT_KEY_LEADER_JWW_JOSEPH_MARIA_GREETING_HOSTILE_HELLO%',					500),
		('LEADER_JWW_JOSEPH_MARIA',	'RESPONSE_HOSTILE_AGGRESSIVE_MILITARY_WARNING',	'TXT_KEY_LEADER_JWW_JOSEPH_MARIA_HOSTILE_AGGRESSIVE_MILITARY_WARNING%',		500),
		('LEADER_JWW_JOSEPH_MARIA',	'RESPONSE_INFLUENTIAL_ON_AI',					'TXT_KEY_LEADER_JWW_JOSEPH_MARIA_INFLUENTIAL_ON_AI%',						500),
		('LEADER_JWW_JOSEPH_MARIA',	'RESPONSE_INFLUENTIAL_ON_HUMAN',				'TXT_KEY_LEADER_JWW_JOSEPH_MARIA_INFLUENTIAL_ON_HUMAN%',					500),	
		('LEADER_JWW_JOSEPH_MARIA',	'RESPONSE_LETS_HEAR_IT',						'TXT_KEY_LEADER_JWW_JOSEPH_MARIA_LETS_HEAR_IT%',							500),
		('LEADER_JWW_JOSEPH_MARIA',	'RESPONSE_LUXURY_TRADE',						'TXT_KEY_LEADER_JWW_JOSEPH_MARIA_LUXURY_TRADE%',							500),
		('LEADER_JWW_JOSEPH_MARIA',	'RESPONSE_NO_PEACE',							'TXT_KEY_LEADER_JWW_JOSEPH_MARIA_NO_PEACE%',								500),
		('LEADER_JWW_JOSEPH_MARIA',	'RESPONSE_OPEN_BORDERS_EXCHANGE',				'TXT_KEY_LEADER_JWW_JOSEPH_MARIA_OPEN_BORDERS_EXCHANGE%',					500),
		('LEADER_JWW_JOSEPH_MARIA',	'RESPONSE_PEACE_MADE_BY_HUMAN_GRACIOUS',		'TXT_KEY_LEADER_JWW_JOSEPH_MARIA_LOSEWAR%',									500),
		('LEADER_JWW_JOSEPH_MARIA',	'RESPONSE_REPEAT_NO',							'TXT_KEY_LEADER_JWW_JOSEPH_MARIA_REPEAT_NO%',								500),
		('LEADER_JWW_JOSEPH_MARIA',	'RESPONSE_RESPONSE_REQUEST',					'TXT_KEY_LEADER_JWW_JOSEPH_MARIA_RESPONSE_REQUEST%',						500),
		('LEADER_JWW_JOSEPH_MARIA',	'RESPONSE_RESPONSE_TO_BEING_DENOUNCED',			'TXT_KEY_LEADER_JWW_JOSEPH_MARIA_RESPONSE_TO_BEING_DENOUNCED%',				500),
		('LEADER_JWW_JOSEPH_MARIA',	'RESPONSE_TOO_SOON_NO_PEACE',					'TXT_KEY_LEADER_JWW_JOSEPH_MARIA_TOO_SOON_NO_PEACE_1%',						500),
		('LEADER_JWW_JOSEPH_MARIA',	'RESPONSE_WINNER_PEACE_OFFER',					'TXT_KEY_LEADER_JWW_JOSEPH_MARIA_WINWAR%',									500),
		('LEADER_JWW_JOSEPH_MARIA',	'RESPONSE_WORK_AGAINST_SOMEONE',				'TXT_KEY_LEADER_JWW_JOSEPH_MARIA_DENOUNCE%',								500),
		('LEADER_JWW_JOSEPH_MARIA',	'RESPONSE_AI_DOF_BACKSTAB', 					'TXT_KEY_LEADER_JWW_JOSEPH_MARIA_DENOUNCE_FRIEND%', 						500),
		('LEADER_JWW_JOSEPH_MARIA',	'RESPONSE_WORK_WITH_US',						'TXT_KEY_LEADER_JWW_JOSEPH_MARIA_DEC_FRIENDSHIP%',							500);
-------------------------------------------
--Civilization (Karankawa)
-------------------------------------------
INSERT INTO Civilizations
		(Type,							Description,						CivilopediaTag,						Playable,	AIPlayable,		ShortDescription,							Adjective,								DefaultPlayerColor,				ArtDefineTag,						ArtStyleType,				ArtStyleSuffix,		ArtStylePrefix,		PortraitIndex,		IconAtlas,						AlphaIconAtlas,					MapImage,				DawnOfManQuote,							DawnOfManImage)
VALUES	('CIVILIZATION_JWW_KARANKAWA',	'TXT_KEY_CIV_JWW_KARANKAWA_DESC',	'TXT_KEY_CIV5_JWW_KARANKAWA',		1,			1,				'TXT_KEY_CIV_JWW_KARANKAWA_SHORT_DESC',		'TXT_KEY_CIV_JWW_KARANKAWA_ADJECTIVE',	'PLAYERCOLOR_JWW_KARANKAWA',	'ART_DEF_CIVILIZATION_SHOSHONE',	'ARTSTYLE_SOUTH_AMERICA',	'_AMER',			'AMERICAN',			1,					'JWW_KARANKAWA_COLOR_ATLAS',	'JWW_KARANKAWA_ALPHA_ATLAS',	'JWWKarankawaMap.dds',	'TXT_KEY_CIV5_DAWN_JWW_KARANKAWA_TEXT',	'JWWMariaDoM.dds');

INSERT INTO Civilization_Leaders
		(CivilizationType,				LeaderheadType)
VALUES	('CIVILIZATION_JWW_KARANKAWA',	'LEADER_JWW_JOSEPH_MARIA');

INSERT INTO Civilization_UnitClassOverrides
		(CivilizationType,				UnitClassType,			UnitType)
VALUES	('CIVILIZATION_JWW_KARANKAWA',	'UNITCLASS_WORKBOAT',	'UNIT_JWW_DUG_OUT');

INSERT INTO Civilization_BuildingClassOverrides
		(CivilizationType,				BuildingClassType,			BuildingType)
VALUES	('CIVILIZATION_JWW_KARANKAWA',	'BUILDINGCLASS_BARRACKS',	'BUILDING_JWW_BAAK');

INSERT INTO Civilization_FreeBuildingClasses
		(CivilizationType,				BuildingClassType)
VALUES	('CIVILIZATION_JWW_KARANKAWA',	'BUILDINGCLASS_PALACE');

INSERT INTO Civilization_FreeTechs
		(CivilizationType,				TechType)
VALUES	('CIVILIZATION_JWW_KARANKAWA',	'TECH_AGRICULTURE');

INSERT INTO Civilization_FreeUnits
		(CivilizationType,				UnitClassType,			UnitAIType,			Count)
VALUES	('CIVILIZATION_JWW_KARANKAWA',	'UNITCLASS_SETTLER',	'UNITAI_SETTLE',	1);

INSERT INTO Civilization_Start_Along_Ocean
		(CivilizationType,				StartAlongOcean)
VALUES	('CIVILIZATION_JWW_KARANKAWA',	1);

INSERT INTO Civilization_Religions
		(CivilizationType,					ReligionType)
VALUES	('CIVILIZATION_JWW_KARANKAWA',	'RELIGION_CHRISTIANITY');

INSERT INTO	Civilization_CityNames
		(CivilizationType,					CityName)
VALUES	('CIVILIZATION_JWW_KARANKAWA',	'TXT_KEY_CITY_NAME_JWW_KARANKAWA_0'),
		('CIVILIZATION_JWW_KARANKAWA',	'TXT_KEY_CITY_NAME_JWW_KARANKAWA_1'),
		('CIVILIZATION_JWW_KARANKAWA',	'TXT_KEY_CITY_NAME_JWW_KARANKAWA_2'),
		('CIVILIZATION_JWW_KARANKAWA',	'TXT_KEY_CITY_NAME_JWW_KARANKAWA_3'),
		('CIVILIZATION_JWW_KARANKAWA',	'TXT_KEY_CITY_NAME_JWW_KARANKAWA_4'),
		('CIVILIZATION_JWW_KARANKAWA',	'TXT_KEY_CITY_NAME_JWW_KARANKAWA_5'),
		('CIVILIZATION_JWW_KARANKAWA',	'TXT_KEY_CITY_NAME_JWW_KARANKAWA_6'),
		('CIVILIZATION_JWW_KARANKAWA',	'TXT_KEY_CITY_NAME_JWW_KARANKAWA_7'),
		('CIVILIZATION_JWW_KARANKAWA',	'TXT_KEY_CITY_NAME_JWW_KARANKAWA_8'),
		('CIVILIZATION_JWW_KARANKAWA',	'TXT_KEY_CITY_NAME_JWW_KARANKAWA_9'),
		('CIVILIZATION_JWW_KARANKAWA',	'TXT_KEY_CITY_NAME_JWW_KARANKAWA_10'),
		('CIVILIZATION_JWW_KARANKAWA',	'TXT_KEY_CITY_NAME_JWW_KARANKAWA_11'),
		('CIVILIZATION_JWW_KARANKAWA',	'TXT_KEY_CITY_NAME_JWW_KARANKAWA_12'),
		('CIVILIZATION_JWW_KARANKAWA',	'TXT_KEY_CITY_NAME_JWW_KARANKAWA_13'),
		('CIVILIZATION_JWW_KARANKAWA',	'TXT_KEY_CITY_NAME_JWW_KARANKAWA_14'),
		('CIVILIZATION_JWW_KARANKAWA',	'TXT_KEY_CITY_NAME_JWW_KARANKAWA_15'),
		('CIVILIZATION_JWW_KARANKAWA',	'TXT_KEY_CITY_NAME_JWW_KARANKAWA_16'),
		('CIVILIZATION_JWW_KARANKAWA',	'TXT_KEY_CITY_NAME_JWW_KARANKAWA_17'),
		('CIVILIZATION_JWW_KARANKAWA',	'TXT_KEY_CITY_NAME_JWW_KARANKAWA_18'),
		('CIVILIZATION_JWW_KARANKAWA',	'TXT_KEY_CITY_NAME_JWW_KARANKAWA_19'),
		('CIVILIZATION_JWW_KARANKAWA',	'TXT_KEY_CITY_NAME_JWW_KARANKAWA_20'),
		('CIVILIZATION_JWW_KARANKAWA',	'TXT_KEY_CITY_NAME_JWW_KARANKAWA_21'),
		('CIVILIZATION_JWW_KARANKAWA',	'TXT_KEY_CITY_NAME_JWW_KARANKAWA_22'),
		('CIVILIZATION_JWW_KARANKAWA',	'TXT_KEY_CITY_NAME_JWW_KARANKAWA_23'),
		('CIVILIZATION_JWW_KARANKAWA',	'TXT_KEY_CITY_NAME_JWW_KARANKAWA_24'),
		('CIVILIZATION_JWW_KARANKAWA',	'TXT_KEY_CITY_NAME_JWW_KARANKAWA_25'),
		('CIVILIZATION_JWW_KARANKAWA',	'TXT_KEY_CITY_NAME_JWW_KARANKAWA_26'),
		('CIVILIZATION_JWW_KARANKAWA',	'TXT_KEY_CITY_NAME_JWW_KARANKAWA_27'),
		('CIVILIZATION_JWW_KARANKAWA',	'TXT_KEY_CITY_NAME_JWW_KARANKAWA_28'),
		('CIVILIZATION_JWW_KARANKAWA',	'TXT_KEY_CITY_NAME_JWW_KARANKAWA_29'),
		('CIVILIZATION_JWW_KARANKAWA',	'TXT_KEY_CITY_NAME_JWW_KARANKAWA_30'),
		('CIVILIZATION_JWW_KARANKAWA',	'TXT_KEY_CITY_NAME_JWW_KARANKAWA_31');
		
INSERT INTO Civilization_SpyNames
		(CivilizationType,						SpyName)
VALUES	('CIVILIZATION_JWW_KARANKAWA',		'TXT_KEY_SPY_NAME_JWW_KARANKAWA_0'),
		('CIVILIZATION_JWW_KARANKAWA',		'TXT_KEY_SPY_NAME_JWW_KARANKAWA_1'),
		('CIVILIZATION_JWW_KARANKAWA',		'TXT_KEY_SPY_NAME_JWW_KARANKAWA_2'),
		('CIVILIZATION_JWW_KARANKAWA',		'TXT_KEY_SPY_NAME_JWW_KARANKAWA_3'),
		('CIVILIZATION_JWW_KARANKAWA',		'TXT_KEY_SPY_NAME_JWW_KARANKAWA_4'),
		('CIVILIZATION_JWW_KARANKAWA',		'TXT_KEY_SPY_NAME_JWW_KARANKAWA_5'),
		('CIVILIZATION_JWW_KARANKAWA',		'TXT_KEY_SPY_NAME_JWW_KARANKAWA_6'),
		('CIVILIZATION_JWW_KARANKAWA',		'TXT_KEY_SPY_NAME_JWW_KARANKAWA_7'),
		('CIVILIZATION_JWW_KARANKAWA',		'TXT_KEY_SPY_NAME_JWW_KARANKAWA_8'),
		('CIVILIZATION_JWW_KARANKAWA',		'TXT_KEY_SPY_NAME_JWW_KARANKAWA_9');
--============================================	
--============================================
