INSERT INTO Civilizations 		
			(Type, 								Description,							ShortDescription, 						Adjective, 									Civilopedia,							CivilopediaTag,						DefaultPlayerColor,				ArtDefineTag, ArtStyleType, ArtStyleSuffix, ArtStylePrefix, IconAtlas, 				PortraitIndex, 	AlphaIconAtlas, 			SoundtrackTag,		MapImage, 						DawnOfManQuote, 					DawnOfManImage,		DawnOfManAudio)
SELECT		'CIVILIZATION_CLANISHINAABE', 		'TXT_KEY_CIV_CLANISHINAABE_DESC', 		'TXT_KEY_CIV_CLANISHINAABE_SHORT_DESC',	'TXT_KEY_CIV_CLANISHINAABE_ADJECTIVE',		'TXT_KEY_CIV5_CLANISHINAABE_TEXT_1',	'TXT_KEY_CIV5_CLANISHINAABE', 		'PLAYERCOLOR_CLANISHINAABE',	ArtDefineTag, ArtStyleType, ArtStyleSuffix, ArtStylePrefix, 'CLANISHINAABE_ATLAS', 	0, 				'CLANISHINAABE_ALPHA',	'Iroquois', 	'AnishinaabeMap.dds',		'TXT_KEY_CIV5_DOM_CLPONTIAC_TEXT',	'AnishinaabeDoM.dds',	'AS2D_DOM_SPEECH_CLPONTIAC'
FROM Civilizations WHERE (Type = 'CIVILIZATION_IROQUOIS');

--------------------------------	
-- Ethnic Units Support
--------------------------------	
UPDATE Civilizations 
SET ArtStyleSuffix = (CASE WHEN EXISTS(SELECT ArtStyleSuffix FROM Civilizations WHERE ArtStyleSuffix = '_IROQUOIS' )
	THEN '_IROQUOIS'
	ELSE '_AMER' END) 
WHERE Type = 'CIVILIZATION_CLANISHINAABE';

--==========================================================================================================================	
-- Civilization_CityNames
--==========================================================================================================================	
INSERT INTO Civilization_CityNames 
			(CivilizationType, 			CityName)
VALUES		('CIVILIZATION_CLANISHINAABE', 	'TXT_KEY_CITY_NAME_CLANISHINAABE_01'),
			('CIVILIZATION_CLANISHINAABE', 	'TXT_KEY_CITY_NAME_CLANISHINAABE_02'),
			('CIVILIZATION_CLANISHINAABE', 	'TXT_KEY_CITY_NAME_CLANISHINAABE_03'),
			('CIVILIZATION_CLANISHINAABE', 	'TXT_KEY_CITY_NAME_CLANISHINAABE_04'),
			('CIVILIZATION_CLANISHINAABE', 	'TXT_KEY_CITY_NAME_CLANISHINAABE_05'),
			('CIVILIZATION_CLANISHINAABE', 	'TXT_KEY_CITY_NAME_CLANISHINAABE_06'),
			('CIVILIZATION_CLANISHINAABE', 	'TXT_KEY_CITY_NAME_CLANISHINAABE_07'),
			('CIVILIZATION_CLANISHINAABE', 	'TXT_KEY_CITY_NAME_CLANISHINAABE_08'),
			('CIVILIZATION_CLANISHINAABE', 	'TXT_KEY_CITY_NAME_CLANISHINAABE_09'),
			('CIVILIZATION_CLANISHINAABE', 	'TXT_KEY_CITY_NAME_CLANISHINAABE_10'),
			('CIVILIZATION_CLANISHINAABE', 	'TXT_KEY_CITY_NAME_CLANISHINAABE_11'),
			('CIVILIZATION_CLANISHINAABE', 	'TXT_KEY_CITY_NAME_CLANISHINAABE_12'),
			('CIVILIZATION_CLANISHINAABE', 	'TXT_KEY_CITY_NAME_CLANISHINAABE_13'),
			('CIVILIZATION_CLANISHINAABE', 	'TXT_KEY_CITY_NAME_CLANISHINAABE_14'),
			('CIVILIZATION_CLANISHINAABE', 	'TXT_KEY_CITY_NAME_CLANISHINAABE_15'),
			('CIVILIZATION_CLANISHINAABE', 	'TXT_KEY_CITY_NAME_CLANISHINAABE_16'),
			('CIVILIZATION_CLANISHINAABE', 	'TXT_KEY_CITY_NAME_CLANISHINAABE_17'),
			('CIVILIZATION_CLANISHINAABE', 	'TXT_KEY_CITY_NAME_CLANISHINAABE_18'),
			('CIVILIZATION_CLANISHINAABE', 	'TXT_KEY_CITY_NAME_CLANISHINAABE_19'),
			('CIVILIZATION_CLANISHINAABE', 	'TXT_KEY_CITY_NAME_CLANISHINAABE_20'),
			('CIVILIZATION_CLANISHINAABE', 	'TXT_KEY_CITY_NAME_CLANISHINAABE_21'),
			('CIVILIZATION_CLANISHINAABE', 	'TXT_KEY_CITY_NAME_CLANISHINAABE_22'),
			('CIVILIZATION_CLANISHINAABE', 	'TXT_KEY_CITY_NAME_CLANISHINAABE_23'),
			('CIVILIZATION_CLANISHINAABE', 	'TXT_KEY_CITY_NAME_CLANISHINAABE_24'),
			('CIVILIZATION_CLANISHINAABE', 	'TXT_KEY_CITY_NAME_CLANISHINAABE_25'),
			('CIVILIZATION_CLANISHINAABE', 	'TXT_KEY_CITY_NAME_CLANISHINAABE_26'),
			('CIVILIZATION_CLANISHINAABE', 	'TXT_KEY_CITY_NAME_CLANISHINAABE_27'),
			('CIVILIZATION_CLANISHINAABE', 	'TXT_KEY_CITY_NAME_CLANISHINAABE_28'),
			('CIVILIZATION_CLANISHINAABE', 	'TXT_KEY_CITY_NAME_CLANISHINAABE_29'),
			('CIVILIZATION_CLANISHINAABE', 	'TXT_KEY_CITY_NAME_CLANISHINAABE_30');
--==========================================================================================================================	
-- Civilization_FreeBuildingClasses
--==========================================================================================================================			
INSERT INTO Civilization_FreeBuildingClasses 
			(CivilizationType, 				BuildingClassType)
VALUES		('CIVILIZATION_CLANISHINAABE',		'BUILDINGCLASS_PALACE');
--==========================================================================================================================	
-- Civilization_FreeTechs
--==========================================================================================================================		
INSERT INTO Civilization_FreeTechs 
			(CivilizationType, 				TechType)
SELECT		'CIVILIZATION_CLANISHINAABE', 	TechType
FROM Civilization_FreeTechs WHERE (CivilizationType = 'CIVILIZATION_ROME');
--==========================================================================================================================	
-- Civilization_FreeUnits
--==========================================================================================================================		
INSERT INTO Civilization_FreeUnits 
			(CivilizationType, 					UnitClassType, Count, UnitAIType)
SELECT		'CIVILIZATION_CLANISHINAABE',		UnitClassType, Count, UnitAIType
FROM Civilization_FreeUnits WHERE (CivilizationType = 'CIVILIZATION_ROME');
--==========================================================================================================================	
-- Civilization_Leaders
--==========================================================================================================================		
INSERT INTO Civilization_Leaders 
			(CivilizationType, 				LeaderheadType)
VALUES		('CIVILIZATION_CLANISHINAABE', 	'LEADER_CLPONTIAC');
--==========================================================================================================================	
-- Civilization_BuildingClassOverrides 
--==========================================================================================================================		
--INSERT INTO Civilization_BuildingClassOverrides 
--			(CivilizationType, 			BuildingClassType, 		BuildingType)
--VALUES		('CIVILIZATION_CLANISHINAABE', 	'BUILDINGCLASS_',	'BUILDING_');
--==========================================================================================================================	
-- Civilization_UnitClassOverrides 
--==========================================================================================================================		
INSERT INTO Civilization_UnitClassOverrides 
			(CivilizationType, 				UnitClassType, 				UnitType)
VALUES		('CIVILIZATION_CLANISHINAABE', 'UNITCLASS_INQUISITOR',		'UNIT_CLMIDEW'),
			('CIVILIZATION_CLANISHINAABE', 'UNITCLASS_MUSKETMAN',		'UNIT_CLOGICHIDA');
--==========================================================================================================================	
-- Civilization_Religions
--==========================================================================================================================		
INSERT INTO Civilization_Religions 
			(CivilizationType, 				ReligionType)
VALUES		('CIVILIZATION_CLANISHINAABE', 	'RELIGION_CHRISTIANITY');
--==========================================================================================================================	
-- Colors
--==========================================================================================================================		
INSERT INTO PlayerColors 
			(Type,			 				PrimaryColor,						SecondaryColor,								TextColor)
VALUES		('PLAYERCOLOR_CLANISHINAABE', 	'COLOR_PLAYER_CLANISHINAABE_ICON',	'COLOR_PLAYER_CLANISHINAABE_BACKGROUND',	'COLOR_PLAYER_WHITE_TEXT');

INSERT INTO Colors
			(Type,									Red,	Green,	Blue,	Alpha)
VALUES		('COLOR_PLAYER_CLANISHINAABE_ICON',		0.011,	0.717,	0.843,	1.0),
			('COLOR_PLAYER_CLANISHINAABE_BACKGROUND',	0.627,	0.011,	0.011,	1.0);

--==========================================================================================================================	
-- Civilization_Start_Along_River
--=========================================================================================================================	
INSERT INTO Civilization_Start_Along_River
			(CivilizationType,						StartAlongRiver)
VALUES		('CIVILIZATION_CLANISHINAABE',			1);
--==========================================================================================================================	
-- Civilization_SpyNames
--==========================================================================================================================	
INSERT INTO Civilization_SpyNames 
			(CivilizationType, 			SpyName)
VALUES		('CIVILIZATION_CLANISHINAABE', 	'TXT_KEY_SPY_NAME_CLANISHINAABE_0'),	
			('CIVILIZATION_CLANISHINAABE', 	'TXT_KEY_SPY_NAME_CLANISHINAABE_1'),
			('CIVILIZATION_CLANISHINAABE', 	'TXT_KEY_SPY_NAME_CLANISHINAABE_2'),
			('CIVILIZATION_CLANISHINAABE', 	'TXT_KEY_SPY_NAME_CLANISHINAABE_3'),
			('CIVILIZATION_CLANISHINAABE', 	'TXT_KEY_SPY_NAME_CLANISHINAABE_4'),
			('CIVILIZATION_CLANISHINAABE', 	'TXT_KEY_SPY_NAME_CLANISHINAABE_5'),
			('CIVILIZATION_CLANISHINAABE', 	'TXT_KEY_SPY_NAME_CLANISHINAABE_6'),
			('CIVILIZATION_CLANISHINAABE', 	'TXT_KEY_SPY_NAME_CLANISHINAABE_7'),
			('CIVILIZATION_CLANISHINAABE', 	'TXT_KEY_SPY_NAME_CLANISHINAABE_8'),
			('CIVILIZATION_CLANISHINAABE', 	'TXT_KEY_SPY_NAME_CLANISHINAABE_9');
--==========================================================================================================================		
--==========================================================================================================================						

--==========================================================================================================================	
-- Language_en_US
--==========================================================================================================================		
INSERT INTO Language_en_US
			(Tag,									Text)
VALUES		('TXT_KEY_CIV_CLANISHINAABE_DESC',			'Anishinaabe'),
			('TXT_KEY_CIV_CLANISHINAABE_SHORT_DESC',	'Anishinaabe'),
			('TXT_KEY_CIV_CLANISHINAABE_ADJECTIVE',		'Anishinaabeg'),
			('TXT_KEY_CIV5_CLANISHINAABE',				'The Anishinaabe'),
			('TXT_KEY_CIV5_DOM_CLPONTIAC_TEXT',			'Forever shall you rise in the eyes of all who have heard your legacy, Mighty Pontiac! You unified our people and the nations around us into a powerful fighting force. When we experienced a renewal of our traditional ways, ways that had been challenged by the influence of the Europeans, your sharp tongue and resounding voice whipped us into action. Spurred on by your teachings and inspired by your voice, we attacked the Americans at Fort Detroit. Since this war, America has always seen the Anishinaabe in a greater light, acknowledging our rights as a nation and paying tribute to our nobility throughout their culture.[NEWLINE][NEWLINE]Now, mighty Pontiac, is our time. We have carved out a place for our people in a new land. With your powerful words echoing in our ears, we push forward to build a new land, a new tribe, a new pride for our people. We need a powerful leader who will look both to our ways and to our allies, who will look to build trade and to overcome our enemies. We need you, great Pontiac. Will you create of us a legend that will stand the test of time?'),
			('TXT_KEY_CITY_NAME_CLANISHINAABE_01',		'Michilimackinac'),
			('TXT_KEY_CITY_NAME_CLANISHINAABE_02',		'Manitoulin'),
			('TXT_KEY_CITY_NAME_CLANISHINAABE_03',		'Moningwanekaaning'),
			('TXT_KEY_CITY_NAME_CLANISHINAABE_04',		'Waawiyaataanong'),
			('TXT_KEY_CITY_NAME_CLANISHINAABE_05',		'Tangouaen'),
			('TXT_KEY_CITY_NAME_CLANISHINAABE_06',		'Penewobecong'),
			('TXT_KEY_CITY_NAME_CLANISHINAABE_07',		'Milwaukee'),
			('TXT_KEY_CITY_NAME_CLANISHINAABE_08',		'Saginaw'),
			('TXT_KEY_CITY_NAME_CLANISHINAABE_09',		'Mooniyaang'),
			('TXT_KEY_CITY_NAME_CLANISHINAABE_10',		'Baawitigong'),
			('TXT_KEY_CITY_NAME_CLANISHINAABE_11',		'Onigamiinsing'),
			('TXT_KEY_CITY_NAME_CLANISHINAABE_12',		'Checagou'),
			('TXT_KEY_CITY_NAME_CLANISHINAABE_13',		'Manistee'),
			('TXT_KEY_CITY_NAME_CLANISHINAABE_14',		'Pokagon'),
			('TXT_KEY_CITY_NAME_CLANISHINAABE_15',		'White Earth'),
			('TXT_KEY_CITY_NAME_CLANISHINAABE_16',		'Zhiibaahaasing'),
			('TXT_KEY_CITY_NAME_CLANISHINAABE_17',		'Mashipinashiwish'),
			('TXT_KEY_CITY_NAME_CLANISHINAABE_18',		'Red Lake'),
			('TXT_KEY_CITY_NAME_CLANISHINAABE_19',		'Peshawbestown'),
			('TXT_KEY_CITY_NAME_CLANISHINAABE_20',		'Bkejwanong'),
			('TXT_KEY_CITY_NAME_CLANISHINAABE_21',		'Shabwegan'),
			('TXT_KEY_CITY_NAME_CLANISHINAABE_22',		'Gekek'),
			('TXT_KEY_CITY_NAME_CLANISHINAABE_23',		'Owewe'),
			('TXT_KEY_CITY_NAME_CLANISHINAABE_24',		'Waaboozoo'),
			('TXT_KEY_CITY_NAME_CLANISHINAABE_25',		'Mikinaak'),
			('TXT_KEY_CITY_NAME_CLANISHINAABE_26',		'Giniw'),
			('TXT_KEY_CITY_NAME_CLANISHINAABE_27',		'Bineshiinh'),
			('TXT_KEY_CITY_NAME_CLANISHINAABE_28',		'Zhaangweshi'),
			('TXT_KEY_CITY_NAME_CLANISHINAABE_29',		'Miskwaadesi'),
			('TXT_KEY_CITY_NAME_CLANISHINAABE_30',		'Nesawaakwaad'),
			('TXT_KEY_SPY_NAME_CLANISHINAABE_0',		'Kaibaihossai'),
			('TXT_KEY_SPY_NAME_CLANISHINAABE_1',		'Edawaushkaushe'),
			('TXT_KEY_SPY_NAME_CLANISHINAABE_2',		'Waukahossai'),
			('TXT_KEY_SPY_NAME_CLANISHINAABE_3',		'Kimiwun'),
			('TXT_KEY_SPY_NAME_CLANISHINAABE_4',		'Taikamassimo'),
			('TXT_KEY_SPY_NAME_CLANISHINAABE_5',		'Taibaussigai'),
			('TXT_KEY_SPY_NAME_CLANISHINAABE_6',		'Naibunaikotching'),
			('TXT_KEY_SPY_NAME_CLANISHINAABE_7',		'Spaniard'),
			('TXT_KEY_SPY_NAME_CLANISHINAABE_8',		'Kitchi Ninganssimonowin'),
			('TXT_KEY_SPY_NAME_CLANISHINAABE_9',		'Mikizi'),
			('TXT_KEY_CIV5_CLANISHINAABE_FACTOID_HEADING', 'Anishinaabe Factoid'),
			('TXT_KEY_CIV5_CLANISHINAABE_FACTOID_TEXT', 'The Anishinaabe were led by the "Council of Three Fires," a confederacy of the Potawatomi (Keepers of the Fire,) Odawa (Keepers of the Trade,) and Ojibwe (Keepers of the Faith.)'),
			('TXT_KEY_CIV5_CLANISHINAABE_HEADING_1', 'Geography and Climate'),
			('TXT_KEY_CIV5_CLANISHINAABE_TEXT_1', 'The Anishinaabe peoples lived primarily around what we now know as the Great Lakes. This area was ideal for their seminomadic lifestyle, as it was stocked with fish and other food sources. Of course, it was also stocked full of peoples, many of whom joined the Anishinaabe, or were allies or enemies.'), 
			('TXT_KEY_CIV5_CLANISHINAABE_HEADING_2', 'The Council of Three Fires'),
			('TXT_KEY_CIV5_CLANISHINAABE_TEXT_2', 'Founded in 796 A.D., long before the Europeans brought ''civilization'' to the New World, the Council of Three fires was a political organization dedicated to upholding peace and community among the Great Lakes peoples. From the Council''s meeting places, the Anishinaabe elders and leaders maintained order and managed their relations with the people around them.'),
			('TXT_KEY_CIV5_CLANISHINAABE_HEADING_3', 'The Ojibwe: Keepers of the Faith'),
			('TXT_KEY_CIV5_CLANISHINAABE_TEXT_3', 'Each of the great nations of the Anishinaabe were given a specialized task in the Council of Three fires, based on their way of life. The Ojibwe (also known as the Chippewa) were revered as the "Older Brother" of the Council. They specialized in keeping the secrets of science (largely in the form of medicinal and botanical knowledge,) history, and faith hidden, but remembered. They held fast to the Anishinaabeg traditions, which has proven to be an amazing resource today, both for the Anishinaabe and for foreign scholars who wish to know the history of this people.'),
			('TXT_KEY_CIV5_CLANISHINAABE_HEADING_4', 'The Odawa: Keepers of the Trade'),
			('TXT_KEY_CIV5_CLANISHINAABE_TEXT_4', 'The Odawa, or "Middle Brother" of the Council, were consumate traders. Their trade network was unprecedented in size, rivalling even that of the greatest Eurasian traders. Almost entirely by foot, the Odawa would travel accross all of North America, trading one region''s goods for another. Art found on buildings in Mexico shows what appears to be members of Odawa trading with the Zapotec, Aztec, and Mixtec people. Today, Canada''s capital city, Ottawa, pays tribute to the vast reach of the Odawa as both an economic and a cohesive force, binding the peoples of Canada together.'),
			('TXT_KEY_CIV5_CLANISHINAABE_HEADING_5', 'The Potawatomi: Keepers of the Fire'),
			('TXT_KEY_CIV5_CLANISHINAABE_TEXT_5', 'The Potawatomi, or "Little Brother" of the Council, were an industrious and hospitable people. They worked to keep the tribes together and to make sure that the Fire of unity never went out. Today, the Potawatomi work tirelessly to preserve the millenia-old traditions of the Anishinaabe.'),
			('TXT_KEY_CIV5_CLANISHINNABE_HEADING_6', 'The Colonial Era'),
			('TXT_KEY_CIV5_CLANISHINAABE_TEXT_6', 'The Anishinaabe were among the first nations to make contact with the European colonists, and became fast friends with the French and American colonists. For instance, the Anishinaabe are creditted with teach the Americans how to survive the winters and grow crops in the early years of the colonies. Unfortunately, the Anishinaabe often suffered under the political machinations of Europe. They proved to be very loyal to their French allies, continuing to fight the against British when the French had already lost the war for Colonial soil. Later, the Anishinaabe found their lands split up by the Americans and British when those nations felt that the Anishinaabe should either be "British Indians" or "American Indians". These factors put a lot of stress on the Council of Three Fires.'),
			('TXT_KEY_CIV5_CLANISHINNABE_HEADING_7', '"Pontiac''s War"'),
			('TXT_KEY_CIV5_CLANISHINAABE_TEXT_7', 'While the Anishinaabe tended against war, having survived as a largely peaceful confederacy for hundreds of years, the forces of disruption and change, coupled with mistreatment at the hands of the Americans, did boil over into a short conflict in the early years of the young United States of America. It was short and bloody, but taught the Americans one thing: that the Anishinaabe were independant and proud peoples, and capable foes.'),
			('TXT_KEY_CIV5_CLANISHINAABE_HEADING_8', 'The Aftermath'),
			('TXT_KEY_CIV5_CLANISHINAABE_TEXT_8', 'As can be expected, the Americans did not treat the Anishinaabe well following Pontiac''s war. Pontiac, however, has been enshrined, for better or for worse, in the American imagination. Following a theatrical biography and a number of romanticized stories, Pontiac became "The Most Popular Indian" in America. His legacy has done little to help his people, however, who still must work hard to keep their culture and language alive, perhaps even more so now that they must strive against a highly popular version of their culture that is highly detached from the historical truth of the situation. This mod, which focuses on a brief, violent anomaly in the entire (largely peaceful and enlightened) Anishinaabe history, probably doesn''t help much either.');